# Java 25.0.4+7-LTS-jvmci-b01, Unicode 16.0
K	a0	20
K	a8	20 308
K	aa	61
K	af	20 304
K	b2	32
K	b3	33
K	b4	20 301
K	b5	3bc
K	b8	20 327
K	b9	31
K	ba	6f
K	bc	31 2044 34
K	bd	31 2044 32
K	be	33 2044 34
D	c0	41 300
P	41	300	c0
D	c1	41 301
P	41	301	c1
D	c2	41 302
P	41	302	c2
D	c3	41 303
P	41	303	c3
D	c4	41 308
P	41	308	c4
D	c5	41 30a
P	41	30a	c5
D	c7	43 327
P	43	327	c7
D	c8	45 300
P	45	300	c8
D	c9	45 301
P	45	301	c9
D	ca	45 302
P	45	302	ca
D	cb	45 308
P	45	308	cb
D	cc	49 300
P	49	300	cc
D	cd	49 301
P	49	301	cd
D	ce	49 302
P	49	302	ce
D	cf	49 308
P	49	308	cf
D	d1	4e 303
P	4e	303	d1
D	d2	4f 300
P	4f	300	d2
D	d3	4f 301
P	4f	301	d3
D	d4	4f 302
P	4f	302	d4
D	d5	4f 303
P	4f	303	d5
D	d6	4f 308
P	4f	308	d6
D	d9	55 300
P	55	300	d9
D	da	55 301
P	55	301	da
D	db	55 302
P	55	302	db
D	dc	55 308
P	55	308	dc
D	dd	59 301
P	59	301	dd
D	e0	61 300
P	61	300	e0
D	e1	61 301
P	61	301	e1
D	e2	61 302
P	61	302	e2
D	e3	61 303
P	61	303	e3
D	e4	61 308
P	61	308	e4
D	e5	61 30a
P	61	30a	e5
D	e7	63 327
P	63	327	e7
D	e8	65 300
P	65	300	e8
D	e9	65 301
P	65	301	e9
D	ea	65 302
P	65	302	ea
D	eb	65 308
P	65	308	eb
D	ec	69 300
P	69	300	ec
D	ed	69 301
P	69	301	ed
D	ee	69 302
P	69	302	ee
D	ef	69 308
P	69	308	ef
D	f1	6e 303
P	6e	303	f1
D	f2	6f 300
P	6f	300	f2
D	f3	6f 301
P	6f	301	f3
D	f4	6f 302
P	6f	302	f4
D	f5	6f 303
P	6f	303	f5
D	f6	6f 308
P	6f	308	f6
D	f9	75 300
P	75	300	f9
D	fa	75 301
P	75	301	fa
D	fb	75 302
P	75	302	fb
D	fc	75 308
P	75	308	fc
D	fd	79 301
P	79	301	fd
D	ff	79 308
P	79	308	ff
D	100	41 304
P	41	304	100
D	101	61 304
P	61	304	101
D	102	41 306
P	41	306	102
D	103	61 306
P	61	306	103
D	104	41 328
P	41	328	104
D	105	61 328
P	61	328	105
D	106	43 301
P	43	301	106
D	107	63 301
P	63	301	107
D	108	43 302
P	43	302	108
D	109	63 302
P	63	302	109
D	10a	43 307
P	43	307	10a
D	10b	63 307
P	63	307	10b
D	10c	43 30c
P	43	30c	10c
D	10d	63 30c
P	63	30c	10d
D	10e	44 30c
P	44	30c	10e
D	10f	64 30c
P	64	30c	10f
D	112	45 304
P	45	304	112
D	113	65 304
P	65	304	113
D	114	45 306
P	45	306	114
D	115	65 306
P	65	306	115
D	116	45 307
P	45	307	116
D	117	65 307
P	65	307	117
D	118	45 328
P	45	328	118
D	119	65 328
P	65	328	119
D	11a	45 30c
P	45	30c	11a
D	11b	65 30c
P	65	30c	11b
D	11c	47 302
P	47	302	11c
D	11d	67 302
P	67	302	11d
D	11e	47 306
P	47	306	11e
D	11f	67 306
P	67	306	11f
D	120	47 307
P	47	307	120
D	121	67 307
P	67	307	121
D	122	47 327
P	47	327	122
D	123	67 327
P	67	327	123
D	124	48 302
P	48	302	124
D	125	68 302
P	68	302	125
D	128	49 303
P	49	303	128
D	129	69 303
P	69	303	129
D	12a	49 304
P	49	304	12a
D	12b	69 304
P	69	304	12b
D	12c	49 306
P	49	306	12c
D	12d	69 306
P	69	306	12d
D	12e	49 328
P	49	328	12e
D	12f	69 328
P	69	328	12f
D	130	49 307
P	49	307	130
K	132	49 4a
K	133	69 6a
D	134	4a 302
P	4a	302	134
D	135	6a 302
P	6a	302	135
D	136	4b 327
P	4b	327	136
D	137	6b 327
P	6b	327	137
D	139	4c 301
P	4c	301	139
D	13a	6c 301
P	6c	301	13a
D	13b	4c 327
P	4c	327	13b
D	13c	6c 327
P	6c	327	13c
D	13d	4c 30c
P	4c	30c	13d
D	13e	6c 30c
P	6c	30c	13e
K	13f	4c b7
K	140	6c b7
D	143	4e 301
P	4e	301	143
D	144	6e 301
P	6e	301	144
D	145	4e 327
P	4e	327	145
D	146	6e 327
P	6e	327	146
D	147	4e 30c
P	4e	30c	147
D	148	6e 30c
P	6e	30c	148
K	149	2bc 6e
D	14c	4f 304
P	4f	304	14c
D	14d	6f 304
P	6f	304	14d
D	14e	4f 306
P	4f	306	14e
D	14f	6f 306
P	6f	306	14f
D	150	4f 30b
P	4f	30b	150
D	151	6f 30b
P	6f	30b	151
D	154	52 301
P	52	301	154
D	155	72 301
P	72	301	155
D	156	52 327
P	52	327	156
D	157	72 327
P	72	327	157
D	158	52 30c
P	52	30c	158
D	159	72 30c
P	72	30c	159
D	15a	53 301
P	53	301	15a
D	15b	73 301
P	73	301	15b
D	15c	53 302
P	53	302	15c
D	15d	73 302
P	73	302	15d
D	15e	53 327
P	53	327	15e
D	15f	73 327
P	73	327	15f
D	160	53 30c
P	53	30c	160
D	161	73 30c
P	73	30c	161
D	162	54 327
P	54	327	162
D	163	74 327
P	74	327	163
D	164	54 30c
P	54	30c	164
D	165	74 30c
P	74	30c	165
D	168	55 303
P	55	303	168
D	169	75 303
P	75	303	169
D	16a	55 304
P	55	304	16a
D	16b	75 304
P	75	304	16b
D	16c	55 306
P	55	306	16c
D	16d	75 306
P	75	306	16d
D	16e	55 30a
P	55	30a	16e
D	16f	75 30a
P	75	30a	16f
D	170	55 30b
P	55	30b	170
D	171	75 30b
P	75	30b	171
D	172	55 328
P	55	328	172
D	173	75 328
P	75	328	173
D	174	57 302
P	57	302	174
D	175	77 302
P	77	302	175
D	176	59 302
P	59	302	176
D	177	79 302
P	79	302	177
D	178	59 308
P	59	308	178
D	179	5a 301
P	5a	301	179
D	17a	7a 301
P	7a	301	17a
D	17b	5a 307
P	5a	307	17b
D	17c	7a 307
P	7a	307	17c
D	17d	5a 30c
P	5a	30c	17d
D	17e	7a 30c
P	7a	30c	17e
K	17f	73
D	1a0	4f 31b
P	4f	31b	1a0
D	1a1	6f 31b
P	6f	31b	1a1
D	1af	55 31b
P	55	31b	1af
D	1b0	75 31b
P	75	31b	1b0
K	1c4	44 5a 30c
K	1c5	44 7a 30c
K	1c6	64 7a 30c
K	1c7	4c 4a
K	1c8	4c 6a
K	1c9	6c 6a
K	1ca	4e 4a
K	1cb	4e 6a
K	1cc	6e 6a
D	1cd	41 30c
P	41	30c	1cd
D	1ce	61 30c
P	61	30c	1ce
D	1cf	49 30c
P	49	30c	1cf
D	1d0	69 30c
P	69	30c	1d0
D	1d1	4f 30c
P	4f	30c	1d1
D	1d2	6f 30c
P	6f	30c	1d2
D	1d3	55 30c
P	55	30c	1d3
D	1d4	75 30c
P	75	30c	1d4
D	1d5	55 308 304
P	dc	304	1d5
D	1d6	75 308 304
P	fc	304	1d6
D	1d7	55 308 301
P	dc	301	1d7
D	1d8	75 308 301
P	fc	301	1d8
D	1d9	55 308 30c
P	dc	30c	1d9
D	1da	75 308 30c
P	fc	30c	1da
D	1db	55 308 300
P	dc	300	1db
D	1dc	75 308 300
P	fc	300	1dc
D	1de	41 308 304
P	c4	304	1de
D	1df	61 308 304
P	e4	304	1df
D	1e0	41 307 304
P	226	304	1e0
D	1e1	61 307 304
P	227	304	1e1
D	1e2	c6 304
P	c6	304	1e2
D	1e3	e6 304
P	e6	304	1e3
D	1e6	47 30c
P	47	30c	1e6
D	1e7	67 30c
P	67	30c	1e7
D	1e8	4b 30c
P	4b	30c	1e8
D	1e9	6b 30c
P	6b	30c	1e9
D	1ea	4f 328
P	4f	328	1ea
D	1eb	6f 328
P	6f	328	1eb
D	1ec	4f 328 304
P	1ea	304	1ec
D	1ed	6f 328 304
P	1eb	304	1ed
D	1ee	1b7 30c
P	1b7	30c	1ee
D	1ef	292 30c
P	292	30c	1ef
D	1f0	6a 30c
P	6a	30c	1f0
K	1f1	44 5a
K	1f2	44 7a
K	1f3	64 7a
D	1f4	47 301
P	47	301	1f4
D	1f5	67 301
P	67	301	1f5
D	1f8	4e 300
P	4e	300	1f8
D	1f9	6e 300
P	6e	300	1f9
D	1fa	41 30a 301
P	c5	301	1fa
D	1fb	61 30a 301
P	e5	301	1fb
D	1fc	c6 301
P	c6	301	1fc
D	1fd	e6 301
P	e6	301	1fd
D	1fe	d8 301
P	d8	301	1fe
D	1ff	f8 301
P	f8	301	1ff
D	200	41 30f
P	41	30f	200
D	201	61 30f
P	61	30f	201
D	202	41 311
P	41	311	202
D	203	61 311
P	61	311	203
D	204	45 30f
P	45	30f	204
D	205	65 30f
P	65	30f	205
D	206	45 311
P	45	311	206
D	207	65 311
P	65	311	207
D	208	49 30f
P	49	30f	208
D	209	69 30f
P	69	30f	209
D	20a	49 311
P	49	311	20a
D	20b	69 311
P	69	311	20b
D	20c	4f 30f
P	4f	30f	20c
D	20d	6f 30f
P	6f	30f	20d
D	20e	4f 311
P	4f	311	20e
D	20f	6f 311
P	6f	311	20f
D	210	52 30f
P	52	30f	210
D	211	72 30f
P	72	30f	211
D	212	52 311
P	52	311	212
D	213	72 311
P	72	311	213
D	214	55 30f
P	55	30f	214
D	215	75 30f
P	75	30f	215
D	216	55 311
P	55	311	216
D	217	75 311
P	75	311	217
D	218	53 326
P	53	326	218
D	219	73 326
P	73	326	219
D	21a	54 326
P	54	326	21a
D	21b	74 326
P	74	326	21b
D	21e	48 30c
P	48	30c	21e
D	21f	68 30c
P	68	30c	21f
D	226	41 307
P	41	307	226
D	227	61 307
P	61	307	227
D	228	45 327
P	45	327	228
D	229	65 327
P	65	327	229
D	22a	4f 308 304
P	d6	304	22a
D	22b	6f 308 304
P	f6	304	22b
D	22c	4f 303 304
P	d5	304	22c
D	22d	6f 303 304
P	f5	304	22d
D	22e	4f 307
P	4f	307	22e
D	22f	6f 307
P	6f	307	22f
D	230	4f 307 304
P	22e	304	230
D	231	6f 307 304
P	22f	304	231
D	232	59 304
P	59	304	232
D	233	79 304
P	79	304	233
K	2b0	68
K	2b1	266
K	2b2	6a
K	2b3	72
K	2b4	279
K	2b5	27b
K	2b6	281
K	2b7	77
K	2b8	79
K	2d8	20 306
K	2d9	20 307
K	2da	20 30a
K	2db	20 328
K	2dc	20 303
K	2dd	20 30b
K	2e0	263
K	2e1	6c
K	2e2	73
K	2e3	78
K	2e4	295
C	300	230
C	301	230
C	302	230
C	303	230
C	304	230
C	305	230
C	306	230
C	307	230
C	308	230
C	309	230
C	30a	230
C	30b	230
C	30c	230
C	30d	230
C	30e	230
C	30f	230
C	310	230
C	311	230
C	312	230
C	313	230
C	314	230
C	315	232
C	316	220
C	317	220
C	318	220
C	319	220
C	31a	232
C	31b	216
C	31c	220
C	31d	220
C	31e	220
C	31f	220
C	320	220
C	321	202
C	322	202
C	323	220
C	324	220
C	325	220
C	326	220
C	327	202
C	328	202
C	329	220
C	32a	220
C	32b	220
C	32c	220
C	32d	220
C	32e	220
C	32f	220
C	330	220
C	331	220
C	332	220
C	333	220
C	334	1
C	335	1
C	336	1
C	337	1
C	338	1
C	339	220
C	33a	220
C	33b	220
C	33c	220
C	33d	230
C	33e	230
C	33f	230
C	340	230
D	340	300
C	341	230
D	341	301
C	342	230
C	343	230
D	343	313
C	344	230
D	344	308 301
C	345	240
C	346	230
C	347	220
C	348	220
C	349	220
C	34a	230
C	34b	230
C	34c	230
C	34d	220
C	34e	220
C	350	230
C	351	230
C	352	230
C	353	220
C	354	220
C	355	220
C	356	220
C	357	230
C	358	232
C	359	220
C	35a	220
C	35b	230
C	35c	233
C	35d	234
C	35e	234
C	35f	233
C	360	234
C	361	234
C	362	233
C	363	230
C	364	230
C	365	230
C	366	230
C	367	230
C	368	230
C	369	230
C	36a	230
C	36b	230
C	36c	230
C	36d	230
C	36e	230
C	36f	230
D	374	2b9
K	37a	20 345
D	37e	3b
K	384	20 301
D	385	a8 301
P	a8	301	385
K	385	20 308 301
D	386	391 301
P	391	301	386
D	387	b7
D	388	395 301
P	395	301	388
D	389	397 301
P	397	301	389
D	38a	399 301
P	399	301	38a
D	38c	39f 301
P	39f	301	38c
D	38e	3a5 301
P	3a5	301	38e
D	38f	3a9 301
P	3a9	301	38f
D	390	3b9 308 301
P	3ca	301	390
D	3aa	399 308
P	399	308	3aa
D	3ab	3a5 308
P	3a5	308	3ab
D	3ac	3b1 301
P	3b1	301	3ac
D	3ad	3b5 301
P	3b5	301	3ad
D	3ae	3b7 301
P	3b7	301	3ae
D	3af	3b9 301
P	3b9	301	3af
D	3b0	3c5 308 301
P	3cb	301	3b0
D	3ca	3b9 308
P	3b9	308	3ca
D	3cb	3c5 308
P	3c5	308	3cb
D	3cc	3bf 301
P	3bf	301	3cc
D	3cd	3c5 301
P	3c5	301	3cd
D	3ce	3c9 301
P	3c9	301	3ce
K	3d0	3b2
K	3d1	3b8
K	3d2	3a5
D	3d3	3d2 301
P	3d2	301	3d3
K	3d3	3a5 301
D	3d4	3d2 308
P	3d2	308	3d4
K	3d4	3a5 308
K	3d5	3c6
K	3d6	3c0
K	3f0	3ba
K	3f1	3c1
K	3f2	3c2
K	3f4	398
K	3f5	3b5
K	3f9	3a3
D	400	415 300
P	415	300	400
D	401	415 308
P	415	308	401
D	403	413 301
P	413	301	403
D	407	406 308
P	406	308	407
D	40c	41a 301
P	41a	301	40c
D	40d	418 300
P	418	300	40d
D	40e	423 306
P	423	306	40e
D	419	418 306
P	418	306	419
D	439	438 306
P	438	306	439
D	450	435 300
P	435	300	450
D	451	435 308
P	435	308	451
D	453	433 301
P	433	301	453
D	457	456 308
P	456	308	457
D	45c	43a 301
P	43a	301	45c
D	45d	438 300
P	438	300	45d
D	45e	443 306
P	443	306	45e
D	476	474 30f
P	474	30f	476
D	477	475 30f
P	475	30f	477
C	483	230
C	484	230
C	485	230
C	486	230
C	487	230
D	4c1	416 306
P	416	306	4c1
D	4c2	436 306
P	436	306	4c2
D	4d0	410 306
P	410	306	4d0
D	4d1	430 306
P	430	306	4d1
D	4d2	410 308
P	410	308	4d2
D	4d3	430 308
P	430	308	4d3
D	4d6	415 306
P	415	306	4d6
D	4d7	435 306
P	435	306	4d7
D	4da	4d8 308
P	4d8	308	4da
D	4db	4d9 308
P	4d9	308	4db
D	4dc	416 308
P	416	308	4dc
D	4dd	436 308
P	436	308	4dd
D	4de	417 308
P	417	308	4de
D	4df	437 308
P	437	308	4df
D	4e2	418 304
P	418	304	4e2
D	4e3	438 304
P	438	304	4e3
D	4e4	418 308
P	418	308	4e4
D	4e5	438 308
P	438	308	4e5
D	4e6	41e 308
P	41e	308	4e6
D	4e7	43e 308
P	43e	308	4e7
D	4ea	4e8 308
P	4e8	308	4ea
D	4eb	4e9 308
P	4e9	308	4eb
D	4ec	42d 308
P	42d	308	4ec
D	4ed	44d 308
P	44d	308	4ed
D	4ee	423 304
P	423	304	4ee
D	4ef	443 304
P	443	304	4ef
D	4f0	423 308
P	423	308	4f0
D	4f1	443 308
P	443	308	4f1
D	4f2	423 30b
P	423	30b	4f2
D	4f3	443 30b
P	443	30b	4f3
D	4f4	427 308
P	427	308	4f4
D	4f5	447 308
P	447	308	4f5
D	4f8	42b 308
P	42b	308	4f8
D	4f9	44b 308
P	44b	308	4f9
K	587	565 582
C	591	220
C	592	230
C	593	230
C	594	230
C	595	230
C	596	220
C	597	230
C	598	230
C	599	230
C	59a	222
C	59b	220
C	59c	230
C	59d	230
C	59e	230
C	59f	230
C	5a0	230
C	5a1	230
C	5a2	220
C	5a3	220
C	5a4	220
C	5a5	220
C	5a6	220
C	5a7	220
C	5a8	230
C	5a9	230
C	5aa	220
C	5ab	230
C	5ac	230
C	5ad	222
C	5ae	228
C	5af	230
C	5b0	10
C	5b1	11
C	5b2	12
C	5b3	13
C	5b4	14
C	5b5	15
C	5b6	16
C	5b7	17
C	5b8	18
C	5b9	19
C	5ba	19
C	5bb	20
C	5bc	21
C	5bd	22
C	5bf	23
C	5c1	24
C	5c2	25
C	5c4	230
C	5c5	220
C	5c7	18
C	610	230
C	611	230
C	612	230
C	613	230
C	614	230
C	615	230
C	616	230
C	617	230
C	618	30
C	619	31
C	61a	32
D	622	627 653
P	627	653	622
D	623	627 654
P	627	654	623
D	624	648 654
P	648	654	624
D	625	627 655
P	627	655	625
D	626	64a 654
P	64a	654	626
C	64b	27
C	64c	28
C	64d	29
C	64e	30
C	64f	31
C	650	32
C	651	33
C	652	34
C	653	230
C	654	230
C	655	220
C	656	220
C	657	230
C	658	230
C	659	230
C	65a	230
C	65b	230
C	65c	220
C	65d	230
C	65e	230
C	65f	220
C	670	35
K	675	627 674
K	676	648 674
K	677	6c7 674
K	678	64a 674
D	6c0	6d5 654
P	6d5	654	6c0
D	6c2	6c1 654
P	6c1	654	6c2
D	6d3	6d2 654
P	6d2	654	6d3
C	6d6	230
C	6d7	230
C	6d8	230
C	6d9	230
C	6da	230
C	6db	230
C	6dc	230
C	6df	230
C	6e0	230
C	6e1	230
C	6e2	230
C	6e3	220
C	6e4	230
C	6e7	230
C	6e8	230
C	6ea	220
C	6eb	230
C	6ec	230
C	6ed	220
C	711	36
C	730	230
C	731	220
C	732	230
C	733	230
C	734	220
C	735	230
C	736	230
C	737	220
C	738	220
C	739	220
C	73a	230
C	73b	220
C	73c	220
C	73d	230
C	73e	220
C	73f	230
C	740	230
C	741	230
C	742	220
C	743	230
C	744	220
C	745	230
C	746	220
C	747	230
C	748	220
C	749	230
C	74a	230
C	7eb	230
C	7ec	230
C	7ed	230
C	7ee	230
C	7ef	230
C	7f0	230
C	7f1	230
C	7f2	220
C	7f3	230
C	7fd	220
C	816	230
C	817	230
C	818	230
C	819	230
C	81b	230
C	81c	230
C	81d	230
C	81e	230
C	81f	230
C	820	230
C	821	230
C	822	230
C	823	230
C	825	230
C	826	230
C	827	230
C	829	230
C	82a	230
C	82b	230
C	82c	230
C	82d	230
C	859	220
C	85a	220
C	85b	220
C	897	230
C	898	230
C	899	220
C	89a	220
C	89b	220
C	89c	230
C	89d	230
C	89e	230
C	89f	230
C	8ca	230
C	8cb	230
C	8cc	230
C	8cd	230
C	8ce	230
C	8cf	220
C	8d0	220
C	8d1	220
C	8d2	220
C	8d3	220
C	8d4	230
C	8d5	230
C	8d6	230
C	8d7	230
C	8d8	230
C	8d9	230
C	8da	230
C	8db	230
C	8dc	230
C	8dd	230
C	8de	230
C	8df	230
C	8e0	230
C	8e1	230
C	8e3	220
C	8e4	230
C	8e5	230
C	8e6	220
C	8e7	230
C	8e8	230
C	8e9	220
C	8ea	230
C	8eb	230
C	8ec	230
C	8ed	220
C	8ee	220
C	8ef	220
C	8f0	27
C	8f1	28
C	8f2	29
C	8f3	230
C	8f4	230
C	8f5	230
C	8f6	220
C	8f7	230
C	8f8	230
C	8f9	220
C	8fa	220
C	8fb	230
C	8fc	230
C	8fd	230
C	8fe	230
C	8ff	230
D	929	928 93c
P	928	93c	929
D	931	930 93c
P	930	93c	931
D	934	933 93c
P	933	93c	934
C	93c	7
C	94d	9
C	951	230
C	952	220
C	953	230
C	954	230
D	958	915 93c
D	959	916 93c
D	95a	917 93c
D	95b	91c 93c
D	95c	921 93c
D	95d	922 93c
D	95e	92b 93c
D	95f	92f 93c
C	9bc	7
D	9cb	9c7 9be
P	9c7	9be	9cb
D	9cc	9c7 9d7
P	9c7	9d7	9cc
C	9cd	9
D	9dc	9a1 9bc
D	9dd	9a2 9bc
D	9df	9af 9bc
C	9fe	230
D	a33	a32 a3c
D	a36	a38 a3c
C	a3c	7
C	a4d	9
D	a59	a16 a3c
D	a5a	a17 a3c
D	a5b	a1c a3c
D	a5e	a2b a3c
C	abc	7
C	acd	9
C	b3c	7
D	b48	b47 b56
P	b47	b56	b48
D	b4b	b47 b3e
P	b47	b3e	b4b
D	b4c	b47 b57
P	b47	b57	b4c
C	b4d	9
D	b5c	b21 b3c
D	b5d	b22 b3c
D	b94	b92 bd7
P	b92	bd7	b94
D	bca	bc6 bbe
P	bc6	bbe	bca
D	bcb	bc7 bbe
P	bc7	bbe	bcb
D	bcc	bc6 bd7
P	bc6	bd7	bcc
C	bcd	9
C	c3c	7
D	c48	c46 c56
P	c46	c56	c48
C	c4d	9
C	c55	84
C	c56	91
C	cbc	7
D	cc0	cbf cd5
P	cbf	cd5	cc0
D	cc7	cc6 cd5
P	cc6	cd5	cc7
D	cc8	cc6 cd6
P	cc6	cd6	cc8
D	cca	cc6 cc2
P	cc6	cc2	cca
D	ccb	cc6 cc2 cd5
P	cca	cd5	ccb
C	ccd	9
C	d3b	9
C	d3c	9
D	d4a	d46 d3e
P	d46	d3e	d4a
D	d4b	d47 d3e
P	d47	d3e	d4b
D	d4c	d46 d57
P	d46	d57	d4c
C	d4d	9
C	dca	9
D	dda	dd9 dca
P	dd9	dca	dda
D	ddc	dd9 dcf
P	dd9	dcf	ddc
D	ddd	dd9 dcf dca
P	ddc	dca	ddd
D	dde	dd9 ddf
P	dd9	ddf	dde
K	e33	e4d e32
C	e38	103
C	e39	103
C	e3a	9
C	e48	107
C	e49	107
C	e4a	107
C	e4b	107
K	eb3	ecd eb2
C	eb8	118
C	eb9	118
C	eba	9
C	ec8	122
C	ec9	122
C	eca	122
C	ecb	122
K	edc	eab e99
K	edd	eab ea1
K	f0c	f0b
C	f18	220
C	f19	220
C	f35	220
C	f37	220
C	f39	216
D	f43	f42 fb7
D	f4d	f4c fb7
D	f52	f51 fb7
D	f57	f56 fb7
D	f5c	f5b fb7
D	f69	f40 fb5
C	f71	129
C	f72	130
D	f73	f71 f72
C	f74	132
D	f75	f71 f74
D	f76	fb2 f80
K	f77	fb2 f71 f80
D	f78	fb3 f80
K	f79	fb3 f71 f80
C	f7a	130
C	f7b	130
C	f7c	130
C	f7d	130
C	f80	130
D	f81	f71 f80
C	f82	230
C	f83	230
C	f84	9
C	f86	230
C	f87	230
D	f93	f92 fb7
D	f9d	f9c fb7
D	fa2	fa1 fb7
D	fa7	fa6 fb7
D	fac	fab fb7
D	fb9	f90 fb5
C	fc6	220
D	1026	1025 102e
P	1025	102e	1026
C	1037	7
C	1039	9
C	103a	9
C	108d	220
K	10fc	10dc
C	135d	230
C	135e	230
C	135f	230
C	1714	9
C	1715	9
C	1734	9
C	17d2	9
C	17dd	230
C	18a9	228
C	1939	222
C	193a	230
C	193b	220
C	1a17	230
C	1a18	220
C	1a60	9
C	1a75	230
C	1a76	230
C	1a77	230
C	1a78	230
C	1a79	230
C	1a7a	230
C	1a7b	230
C	1a7c	230
C	1a7f	220
C	1ab0	230
C	1ab1	230
C	1ab2	230
C	1ab3	230
C	1ab4	230
C	1ab5	220
C	1ab6	220
C	1ab7	220
C	1ab8	220
C	1ab9	220
C	1aba	220
C	1abb	230
C	1abc	230
C	1abd	220
C	1abf	220
C	1ac0	220
C	1ac1	230
C	1ac2	230
C	1ac3	220
C	1ac4	220
C	1ac5	230
C	1ac6	230
C	1ac7	230
C	1ac8	230
C	1ac9	230
C	1aca	220
C	1acb	230
C	1acc	230
C	1acd	230
C	1ace	230
D	1b06	1b05 1b35
P	1b05	1b35	1b06
D	1b08	1b07 1b35
P	1b07	1b35	1b08
D	1b0a	1b09 1b35
P	1b09	1b35	1b0a
D	1b0c	1b0b 1b35
P	1b0b	1b35	1b0c
D	1b0e	1b0d 1b35
P	1b0d	1b35	1b0e
D	1b12	1b11 1b35
P	1b11	1b35	1b12
C	1b34	7
D	1b3b	1b3a 1b35
P	1b3a	1b35	1b3b
D	1b3d	1b3c 1b35
P	1b3c	1b35	1b3d
D	1b40	1b3e 1b35
P	1b3e	1b35	1b40
D	1b41	1b3f 1b35
P	1b3f	1b35	1b41
D	1b43	1b42 1b35
P	1b42	1b35	1b43
C	1b44	9
C	1b6b	230
C	1b6c	220
C	1b6d	230
C	1b6e	230
C	1b6f	230
C	1b70	230
C	1b71	230
C	1b72	230
C	1b73	230
C	1baa	9
C	1bab	9
C	1be6	7
C	1bf2	9
C	1bf3	9
C	1c37	7
C	1cd0	230
C	1cd1	230
C	1cd2	230
C	1cd4	1
C	1cd5	220
C	1cd6	220
C	1cd7	220
C	1cd8	220
C	1cd9	220
C	1cda	230
C	1cdb	230
C	1cdc	220
C	1cdd	220
C	1cde	220
C	1cdf	220
C	1ce0	230
C	1ce2	1
C	1ce3	1
C	1ce4	1
C	1ce5	1
C	1ce6	1
C	1ce7	1
C	1ce8	1
C	1ced	220
C	1cf4	230
C	1cf8	230
C	1cf9	230
K	1d2c	41
K	1d2d	c6
K	1d2e	42
K	1d30	44
K	1d31	45
K	1d32	18e
K	1d33	47
K	1d34	48
K	1d35	49
K	1d36	4a
K	1d37	4b
K	1d38	4c
K	1d39	4d
K	1d3a	4e
K	1d3c	4f
K	1d3d	222
K	1d3e	50
K	1d3f	52
K	1d40	54
K	1d41	55
K	1d42	57
K	1d43	61
K	1d44	250
K	1d45	251
K	1d46	1d02
K	1d47	62
K	1d48	64
K	1d49	65
K	1d4a	259
K	1d4b	25b
K	1d4c	25c
K	1d4d	67
K	1d4f	6b
K	1d50	6d
K	1d51	14b
K	1d52	6f
K	1d53	254
K	1d54	1d16
K	1d55	1d17
K	1d56	70
K	1d57	74
K	1d58	75
K	1d59	1d1d
K	1d5a	26f
K	1d5b	76
K	1d5c	1d25
K	1d5d	3b2
K	1d5e	3b3
K	1d5f	3b4
K	1d60	3c6
K	1d61	3c7
K	1d62	69
K	1d63	72
K	1d64	75
K	1d65	76
K	1d66	3b2
K	1d67	3b3
K	1d68	3c1
K	1d69	3c6
K	1d6a	3c7
K	1d78	43d
K	1d9b	252
K	1d9c	63
K	1d9d	255
K	1d9e	f0
K	1d9f	25c
K	1da0	66
K	1da1	25f
K	1da2	261
K	1da3	265
K	1da4	268
K	1da5	269
K	1da6	26a
K	1da7	1d7b
K	1da8	29d
K	1da9	26d
K	1daa	1d85
K	1dab	29f
K	1dac	271
K	1dad	270
K	1dae	272
K	1daf	273
K	1db0	274
K	1db1	275
K	1db2	278
K	1db3	282
K	1db4	283
K	1db5	1ab
K	1db6	289
K	1db7	28a
K	1db8	1d1c
K	1db9	28b
K	1dba	28c
K	1dbb	7a
K	1dbc	290
K	1dbd	291
K	1dbe	292
K	1dbf	3b8
C	1dc0	230
C	1dc1	230
C	1dc2	220
C	1dc3	230
C	1dc4	230
C	1dc5	230
C	1dc6	230
C	1dc7	230
C	1dc8	230
C	1dc9	230
C	1dca	220
C	1dcb	230
C	1dcc	230
C	1dcd	234
C	1dce	214
C	1dcf	220
C	1dd0	202
C	1dd1	230
C	1dd2	230
C	1dd3	230
C	1dd4	230
C	1dd5	230
C	1dd6	230
C	1dd7	230
C	1dd8	230
C	1dd9	230
C	1dda	230
C	1ddb	230
C	1ddc	230
C	1ddd	230
C	1dde	230
C	1ddf	230
C	1de0	230
C	1de1	230
C	1de2	230
C	1de3	230
C	1de4	230
C	1de5	230
C	1de6	230
C	1de7	230
C	1de8	230
C	1de9	230
C	1dea	230
C	1deb	230
C	1dec	230
C	1ded	230
C	1dee	230
C	1def	230
C	1df0	230
C	1df1	230
C	1df2	230
C	1df3	230
C	1df4	230
C	1df5	230
C	1df6	232
C	1df7	228
C	1df8	228
C	1df9	220
C	1dfa	218
C	1dfb	230
C	1dfc	233
C	1dfd	220
C	1dfe	230
C	1dff	220
D	1e00	41 325
P	41	325	1e00
D	1e01	61 325
P	61	325	1e01
D	1e02	42 307
P	42	307	1e02
D	1e03	62 307
P	62	307	1e03
D	1e04	42 323
P	42	323	1e04
D	1e05	62 323
P	62	323	1e05
D	1e06	42 331
P	42	331	1e06
D	1e07	62 331
P	62	331	1e07
D	1e08	43 327 301
P	c7	301	1e08
D	1e09	63 327 301
P	e7	301	1e09
D	1e0a	44 307
P	44	307	1e0a
D	1e0b	64 307
P	64	307	1e0b
D	1e0c	44 323
P	44	323	1e0c
D	1e0d	64 323
P	64	323	1e0d
D	1e0e	44 331
P	44	331	1e0e
D	1e0f	64 331
P	64	331	1e0f
D	1e10	44 327
P	44	327	1e10
D	1e11	64 327
P	64	327	1e11
D	1e12	44 32d
P	44	32d	1e12
D	1e13	64 32d
P	64	32d	1e13
D	1e14	45 304 300
P	112	300	1e14
D	1e15	65 304 300
P	113	300	1e15
D	1e16	45 304 301
P	112	301	1e16
D	1e17	65 304 301
P	113	301	1e17
D	1e18	45 32d
P	45	32d	1e18
D	1e19	65 32d
P	65	32d	1e19
D	1e1a	45 330
P	45	330	1e1a
D	1e1b	65 330
P	65	330	1e1b
D	1e1c	45 327 306
P	228	306	1e1c
D	1e1d	65 327 306
P	229	306	1e1d
D	1e1e	46 307
P	46	307	1e1e
D	1e1f	66 307
P	66	307	1e1f
D	1e20	47 304
P	47	304	1e20
D	1e21	67 304
P	67	304	1e21
D	1e22	48 307
P	48	307	1e22
D	1e23	68 307
P	68	307	1e23
D	1e24	48 323
P	48	323	1e24
D	1e25	68 323
P	68	323	1e25
D	1e26	48 308
P	48	308	1e26
D	1e27	68 308
P	68	308	1e27
D	1e28	48 327
P	48	327	1e28
D	1e29	68 327
P	68	327	1e29
D	1e2a	48 32e
P	48	32e	1e2a
D	1e2b	68 32e
P	68	32e	1e2b
D	1e2c	49 330
P	49	330	1e2c
D	1e2d	69 330
P	69	330	1e2d
D	1e2e	49 308 301
P	cf	301	1e2e
D	1e2f	69 308 301
P	ef	301	1e2f
D	1e30	4b 301
P	4b	301	1e30
D	1e31	6b 301
P	6b	301	1e31
D	1e32	4b 323
P	4b	323	1e32
D	1e33	6b 323
P	6b	323	1e33
D	1e34	4b 331
P	4b	331	1e34
D	1e35	6b 331
P	6b	331	1e35
D	1e36	4c 323
P	4c	323	1e36
D	1e37	6c 323
P	6c	323	1e37
D	1e38	4c 323 304
P	1e36	304	1e38
D	1e39	6c 323 304
P	1e37	304	1e39
D	1e3a	4c 331
P	4c	331	1e3a
D	1e3b	6c 331
P	6c	331	1e3b
D	1e3c	4c 32d
P	4c	32d	1e3c
D	1e3d	6c 32d
P	6c	32d	1e3d
D	1e3e	4d 301
P	4d	301	1e3e
D	1e3f	6d 301
P	6d	301	1e3f
D	1e40	4d 307
P	4d	307	1e40
D	1e41	6d 307
P	6d	307	1e41
D	1e42	4d 323
P	4d	323	1e42
D	1e43	6d 323
P	6d	323	1e43
D	1e44	4e 307
P	4e	307	1e44
D	1e45	6e 307
P	6e	307	1e45
D	1e46	4e 323
P	4e	323	1e46
D	1e47	6e 323
P	6e	323	1e47
D	1e48	4e 331
P	4e	331	1e48
D	1e49	6e 331
P	6e	331	1e49
D	1e4a	4e 32d
P	4e	32d	1e4a
D	1e4b	6e 32d
P	6e	32d	1e4b
D	1e4c	4f 303 301
P	d5	301	1e4c
D	1e4d	6f 303 301
P	f5	301	1e4d
D	1e4e	4f 303 308
P	d5	308	1e4e
D	1e4f	6f 303 308
P	f5	308	1e4f
D	1e50	4f 304 300
P	14c	300	1e50
D	1e51	6f 304 300
P	14d	300	1e51
D	1e52	4f 304 301
P	14c	301	1e52
D	1e53	6f 304 301
P	14d	301	1e53
D	1e54	50 301
P	50	301	1e54
D	1e55	70 301
P	70	301	1e55
D	1e56	50 307
P	50	307	1e56
D	1e57	70 307
P	70	307	1e57
D	1e58	52 307
P	52	307	1e58
D	1e59	72 307
P	72	307	1e59
D	1e5a	52 323
P	52	323	1e5a
D	1e5b	72 323
P	72	323	1e5b
D	1e5c	52 323 304
P	1e5a	304	1e5c
D	1e5d	72 323 304
P	1e5b	304	1e5d
D	1e5e	52 331
P	52	331	1e5e
D	1e5f	72 331
P	72	331	1e5f
D	1e60	53 307
P	53	307	1e60
D	1e61	73 307
P	73	307	1e61
D	1e62	53 323
P	53	323	1e62
D	1e63	73 323
P	73	323	1e63
D	1e64	53 301 307
P	15a	307	1e64
D	1e65	73 301 307
P	15b	307	1e65
D	1e66	53 30c 307
P	160	307	1e66
D	1e67	73 30c 307
P	161	307	1e67
D	1e68	53 323 307
P	1e62	307	1e68
D	1e69	73 323 307
P	1e63	307	1e69
D	1e6a	54 307
P	54	307	1e6a
D	1e6b	74 307
P	74	307	1e6b
D	1e6c	54 323
P	54	323	1e6c
D	1e6d	74 323
P	74	323	1e6d
D	1e6e	54 331
P	54	331	1e6e
D	1e6f	74 331
P	74	331	1e6f
D	1e70	54 32d
P	54	32d	1e70
D	1e71	74 32d
P	74	32d	1e71
D	1e72	55 324
P	55	324	1e72
D	1e73	75 324
P	75	324	1e73
D	1e74	55 330
P	55	330	1e74
D	1e75	75 330
P	75	330	1e75
D	1e76	55 32d
P	55	32d	1e76
D	1e77	75 32d
P	75	32d	1e77
D	1e78	55 303 301
P	168	301	1e78
D	1e79	75 303 301
P	169	301	1e79
D	1e7a	55 304 308
P	16a	308	1e7a
D	1e7b	75 304 308
P	16b	308	1e7b
D	1e7c	56 303
P	56	303	1e7c
D	1e7d	76 303
P	76	303	1e7d
D	1e7e	56 323
P	56	323	1e7e
D	1e7f	76 323
P	76	323	1e7f
D	1e80	57 300
P	57	300	1e80
D	1e81	77 300
P	77	300	1e81
D	1e82	57 301
P	57	301	1e82
D	1e83	77 301
P	77	301	1e83
D	1e84	57 308
P	57	308	1e84
D	1e85	77 308
P	77	308	1e85
D	1e86	57 307
P	57	307	1e86
D	1e87	77 307
P	77	307	1e87
D	1e88	57 323
P	57	323	1e88
D	1e89	77 323
P	77	323	1e89
D	1e8a	58 307
P	58	307	1e8a
D	1e8b	78 307
P	78	307	1e8b
D	1e8c	58 308
P	58	308	1e8c
D	1e8d	78 308
P	78	308	1e8d
D	1e8e	59 307
P	59	307	1e8e
D	1e8f	79 307
P	79	307	1e8f
D	1e90	5a 302
P	5a	302	1e90
D	1e91	7a 302
P	7a	302	1e91
D	1e92	5a 323
P	5a	323	1e92
D	1e93	7a 323
P	7a	323	1e93
D	1e94	5a 331
P	5a	331	1e94
D	1e95	7a 331
P	7a	331	1e95
D	1e96	68 331
P	68	331	1e96
D	1e97	74 308
P	74	308	1e97
D	1e98	77 30a
P	77	30a	1e98
D	1e99	79 30a
P	79	30a	1e99
K	1e9a	61 2be
D	1e9b	17f 307
P	17f	307	1e9b
K	1e9b	73 307
D	1ea0	41 323
P	41	323	1ea0
D	1ea1	61 323
P	61	323	1ea1
D	1ea2	41 309
P	41	309	1ea2
D	1ea3	61 309
P	61	309	1ea3
D	1ea4	41 302 301
P	c2	301	1ea4
D	1ea5	61 302 301
P	e2	301	1ea5
D	1ea6	41 302 300
P	c2	300	1ea6
D	1ea7	61 302 300
P	e2	300	1ea7
D	1ea8	41 302 309
P	c2	309	1ea8
D	1ea9	61 302 309
P	e2	309	1ea9
D	1eaa	41 302 303
P	c2	303	1eaa
D	1eab	61 302 303
P	e2	303	1eab
D	1eac	41 323 302
P	1ea0	302	1eac
D	1ead	61 323 302
P	1ea1	302	1ead
D	1eae	41 306 301
P	102	301	1eae
D	1eaf	61 306 301
P	103	301	1eaf
D	1eb0	41 306 300
P	102	300	1eb0
D	1eb1	61 306 300
P	103	300	1eb1
D	1eb2	41 306 309
P	102	309	1eb2
D	1eb3	61 306 309
P	103	309	1eb3
D	1eb4	41 306 303
P	102	303	1eb4
D	1eb5	61 306 303
P	103	303	1eb5
D	1eb6	41 323 306
P	1ea0	306	1eb6
D	1eb7	61 323 306
P	1ea1	306	1eb7
D	1eb8	45 323
P	45	323	1eb8
D	1eb9	65 323
P	65	323	1eb9
D	1eba	45 309
P	45	309	1eba
D	1ebb	65 309
P	65	309	1ebb
D	1ebc	45 303
P	45	303	1ebc
D	1ebd	65 303
P	65	303	1ebd
D	1ebe	45 302 301
P	ca	301	1ebe
D	1ebf	65 302 301
P	ea	301	1ebf
D	1ec0	45 302 300
P	ca	300	1ec0
D	1ec1	65 302 300
P	ea	300	1ec1
D	1ec2	45 302 309
P	ca	309	1ec2
D	1ec3	65 302 309
P	ea	309	1ec3
D	1ec4	45 302 303
P	ca	303	1ec4
D	1ec5	65 302 303
P	ea	303	1ec5
D	1ec6	45 323 302
P	1eb8	302	1ec6
D	1ec7	65 323 302
P	1eb9	302	1ec7
D	1ec8	49 309
P	49	309	1ec8
D	1ec9	69 309
P	69	309	1ec9
D	1eca	49 323
P	49	323	1eca
D	1ecb	69 323
P	69	323	1ecb
D	1ecc	4f 323
P	4f	323	1ecc
D	1ecd	6f 323
P	6f	323	1ecd
D	1ece	4f 309
P	4f	309	1ece
D	1ecf	6f 309
P	6f	309	1ecf
D	1ed0	4f 302 301
P	d4	301	1ed0
D	1ed1	6f 302 301
P	f4	301	1ed1
D	1ed2	4f 302 300
P	d4	300	1ed2
D	1ed3	6f 302 300
P	f4	300	1ed3
D	1ed4	4f 302 309
P	d4	309	1ed4
D	1ed5	6f 302 309
P	f4	309	1ed5
D	1ed6	4f 302 303
P	d4	303	1ed6
D	1ed7	6f 302 303
P	f4	303	1ed7
D	1ed8	4f 323 302
P	1ecc	302	1ed8
D	1ed9	6f 323 302
P	1ecd	302	1ed9
D	1eda	4f 31b 301
P	1a0	301	1eda
D	1edb	6f 31b 301
P	1a1	301	1edb
D	1edc	4f 31b 300
P	1a0	300	1edc
D	1edd	6f 31b 300
P	1a1	300	1edd
D	1ede	4f 31b 309
P	1a0	309	1ede
D	1edf	6f 31b 309
P	1a1	309	1edf
D	1ee0	4f 31b 303
P	1a0	303	1ee0
D	1ee1	6f 31b 303
P	1a1	303	1ee1
D	1ee2	4f 31b 323
P	1a0	323	1ee2
D	1ee3	6f 31b 323
P	1a1	323	1ee3
D	1ee4	55 323
P	55	323	1ee4
D	1ee5	75 323
P	75	323	1ee5
D	1ee6	55 309
P	55	309	1ee6
D	1ee7	75 309
P	75	309	1ee7
D	1ee8	55 31b 301
P	1af	301	1ee8
D	1ee9	75 31b 301
P	1b0	301	1ee9
D	1eea	55 31b 300
P	1af	300	1eea
D	1eeb	75 31b 300
P	1b0	300	1eeb
D	1eec	55 31b 309
P	1af	309	1eec
D	1eed	75 31b 309
P	1b0	309	1eed
D	1eee	55 31b 303
P	1af	303	1eee
D	1eef	75 31b 303
P	1b0	303	1eef
D	1ef0	55 31b 323
P	1af	323	1ef0
D	1ef1	75 31b 323
P	1b0	323	1ef1
D	1ef2	59 300
P	59	300	1ef2
D	1ef3	79 300
P	79	300	1ef3
D	1ef4	59 323
P	59	323	1ef4
D	1ef5	79 323
P	79	323	1ef5
D	1ef6	59 309
P	59	309	1ef6
D	1ef7	79 309
P	79	309	1ef7
D	1ef8	59 303
P	59	303	1ef8
D	1ef9	79 303
P	79	303	1ef9
D	1f00	3b1 313
P	3b1	313	1f00
D	1f01	3b1 314
P	3b1	314	1f01
D	1f02	3b1 313 300
P	1f00	300	1f02
D	1f03	3b1 314 300
P	1f01	300	1f03
D	1f04	3b1 313 301
P	1f00	301	1f04
D	1f05	3b1 314 301
P	1f01	301	1f05
D	1f06	3b1 313 342
P	1f00	342	1f06
D	1f07	3b1 314 342
P	1f01	342	1f07
D	1f08	391 313
P	391	313	1f08
D	1f09	391 314
P	391	314	1f09
D	1f0a	391 313 300
P	1f08	300	1f0a
D	1f0b	391 314 300
P	1f09	300	1f0b
D	1f0c	391 313 301
P	1f08	301	1f0c
D	1f0d	391 314 301
P	1f09	301	1f0d
D	1f0e	391 313 342
P	1f08	342	1f0e
D	1f0f	391 314 342
P	1f09	342	1f0f
D	1f10	3b5 313
P	3b5	313	1f10
D	1f11	3b5 314
P	3b5	314	1f11
D	1f12	3b5 313 300
P	1f10	300	1f12
D	1f13	3b5 314 300
P	1f11	300	1f13
D	1f14	3b5 313 301
P	1f10	301	1f14
D	1f15	3b5 314 301
P	1f11	301	1f15
D	1f18	395 313
P	395	313	1f18
D	1f19	395 314
P	395	314	1f19
D	1f1a	395 313 300
P	1f18	300	1f1a
D	1f1b	395 314 300
P	1f19	300	1f1b
D	1f1c	395 313 301
P	1f18	301	1f1c
D	1f1d	395 314 301
P	1f19	301	1f1d
D	1f20	3b7 313
P	3b7	313	1f20
D	1f21	3b7 314
P	3b7	314	1f21
D	1f22	3b7 313 300
P	1f20	300	1f22
D	1f23	3b7 314 300
P	1f21	300	1f23
D	1f24	3b7 313 301
P	1f20	301	1f24
D	1f25	3b7 314 301
P	1f21	301	1f25
D	1f26	3b7 313 342
P	1f20	342	1f26
D	1f27	3b7 314 342
P	1f21	342	1f27
D	1f28	397 313
P	397	313	1f28
D	1f29	397 314
P	397	314	1f29
D	1f2a	397 313 300
P	1f28	300	1f2a
D	1f2b	397 314 300
P	1f29	300	1f2b
D	1f2c	397 313 301
P	1f28	301	1f2c
D	1f2d	397 314 301
P	1f29	301	1f2d
D	1f2e	397 313 342
P	1f28	342	1f2e
D	1f2f	397 314 342
P	1f29	342	1f2f
D	1f30	3b9 313
P	3b9	313	1f30
D	1f31	3b9 314
P	3b9	314	1f31
D	1f32	3b9 313 300
P	1f30	300	1f32
D	1f33	3b9 314 300
P	1f31	300	1f33
D	1f34	3b9 313 301
P	1f30	301	1f34
D	1f35	3b9 314 301
P	1f31	301	1f35
D	1f36	3b9 313 342
P	1f30	342	1f36
D	1f37	3b9 314 342
P	1f31	342	1f37
D	1f38	399 313
P	399	313	1f38
D	1f39	399 314
P	399	314	1f39
D	1f3a	399 313 300
P	1f38	300	1f3a
D	1f3b	399 314 300
P	1f39	300	1f3b
D	1f3c	399 313 301
P	1f38	301	1f3c
D	1f3d	399 314 301
P	1f39	301	1f3d
D	1f3e	399 313 342
P	1f38	342	1f3e
D	1f3f	399 314 342
P	1f39	342	1f3f
D	1f40	3bf 313
P	3bf	313	1f40
D	1f41	3bf 314
P	3bf	314	1f41
D	1f42	3bf 313 300
P	1f40	300	1f42
D	1f43	3bf 314 300
P	1f41	300	1f43
D	1f44	3bf 313 301
P	1f40	301	1f44
D	1f45	3bf 314 301
P	1f41	301	1f45
D	1f48	39f 313
P	39f	313	1f48
D	1f49	39f 314
P	39f	314	1f49
D	1f4a	39f 313 300
P	1f48	300	1f4a
D	1f4b	39f 314 300
P	1f49	300	1f4b
D	1f4c	39f 313 301
P	1f48	301	1f4c
D	1f4d	39f 314 301
P	1f49	301	1f4d
D	1f50	3c5 313
P	3c5	313	1f50
D	1f51	3c5 314
P	3c5	314	1f51
D	1f52	3c5 313 300
P	1f50	300	1f52
D	1f53	3c5 314 300
P	1f51	300	1f53
D	1f54	3c5 313 301
P	1f50	301	1f54
D	1f55	3c5 314 301
P	1f51	301	1f55
D	1f56	3c5 313 342
P	1f50	342	1f56
D	1f57	3c5 314 342
P	1f51	342	1f57
D	1f59	3a5 314
P	3a5	314	1f59
D	1f5b	3a5 314 300
P	1f59	300	1f5b
D	1f5d	3a5 314 301
P	1f59	301	1f5d
D	1f5f	3a5 314 342
P	1f59	342	1f5f
D	1f60	3c9 313
P	3c9	313	1f60
D	1f61	3c9 314
P	3c9	314	1f61
D	1f62	3c9 313 300
P	1f60	300	1f62
D	1f63	3c9 314 300
P	1f61	300	1f63
D	1f64	3c9 313 301
P	1f60	301	1f64
D	1f65	3c9 314 301
P	1f61	301	1f65
D	1f66	3c9 313 342
P	1f60	342	1f66
D	1f67	3c9 314 342
P	1f61	342	1f67
D	1f68	3a9 313
P	3a9	313	1f68
D	1f69	3a9 314
P	3a9	314	1f69
D	1f6a	3a9 313 300
P	1f68	300	1f6a
D	1f6b	3a9 314 300
P	1f69	300	1f6b
D	1f6c	3a9 313 301
P	1f68	301	1f6c
D	1f6d	3a9 314 301
P	1f69	301	1f6d
D	1f6e	3a9 313 342
P	1f68	342	1f6e
D	1f6f	3a9 314 342
P	1f69	342	1f6f
D	1f70	3b1 300
P	3b1	300	1f70
D	1f71	3b1 301
D	1f72	3b5 300
P	3b5	300	1f72
D	1f73	3b5 301
D	1f74	3b7 300
P	3b7	300	1f74
D	1f75	3b7 301
D	1f76	3b9 300
P	3b9	300	1f76
D	1f77	3b9 301
D	1f78	3bf 300
P	3bf	300	1f78
D	1f79	3bf 301
D	1f7a	3c5 300
P	3c5	300	1f7a
D	1f7b	3c5 301
D	1f7c	3c9 300
P	3c9	300	1f7c
D	1f7d	3c9 301
D	1f80	3b1 313 345
P	1f00	345	1f80
D	1f81	3b1 314 345
P	1f01	345	1f81
D	1f82	3b1 313 300 345
P	1f02	345	1f82
D	1f83	3b1 314 300 345
P	1f03	345	1f83
D	1f84	3b1 313 301 345
P	1f04	345	1f84
D	1f85	3b1 314 301 345
P	1f05	345	1f85
D	1f86	3b1 313 342 345
P	1f06	345	1f86
D	1f87	3b1 314 342 345
P	1f07	345	1f87
D	1f88	391 313 345
P	1f08	345	1f88
D	1f89	391 314 345
P	1f09	345	1f89
D	1f8a	391 313 300 345
P	1f0a	345	1f8a
D	1f8b	391 314 300 345
P	1f0b	345	1f8b
D	1f8c	391 313 301 345
P	1f0c	345	1f8c
D	1f8d	391 314 301 345
P	1f0d	345	1f8d
D	1f8e	391 313 342 345
P	1f0e	345	1f8e
D	1f8f	391 314 342 345
P	1f0f	345	1f8f
D	1f90	3b7 313 345
P	1f20	345	1f90
D	1f91	3b7 314 345
P	1f21	345	1f91
D	1f92	3b7 313 300 345
P	1f22	345	1f92
D	1f93	3b7 314 300 345
P	1f23	345	1f93
D	1f94	3b7 313 301 345
P	1f24	345	1f94
D	1f95	3b7 314 301 345
P	1f25	345	1f95
D	1f96	3b7 313 342 345
P	1f26	345	1f96
D	1f97	3b7 314 342 345
P	1f27	345	1f97
D	1f98	397 313 345
P	1f28	345	1f98
D	1f99	397 314 345
P	1f29	345	1f99
D	1f9a	397 313 300 345
P	1f2a	345	1f9a
D	1f9b	397 314 300 345
P	1f2b	345	1f9b
D	1f9c	397 313 301 345
P	1f2c	345	1f9c
D	1f9d	397 314 301 345
P	1f2d	345	1f9d
D	1f9e	397 313 342 345
P	1f2e	345	1f9e
D	1f9f	397 314 342 345
P	1f2f	345	1f9f
D	1fa0	3c9 313 345
P	1f60	345	1fa0
D	1fa1	3c9 314 345
P	1f61	345	1fa1
D	1fa2	3c9 313 300 345
P	1f62	345	1fa2
D	1fa3	3c9 314 300 345
P	1f63	345	1fa3
D	1fa4	3c9 313 301 345
P	1f64	345	1fa4
D	1fa5	3c9 314 301 345
P	1f65	345	1fa5
D	1fa6	3c9 313 342 345
P	1f66	345	1fa6
D	1fa7	3c9 314 342 345
P	1f67	345	1fa7
D	1fa8	3a9 313 345
P	1f68	345	1fa8
D	1fa9	3a9 314 345
P	1f69	345	1fa9
D	1faa	3a9 313 300 345
P	1f6a	345	1faa
D	1fab	3a9 314 300 345
P	1f6b	345	1fab
D	1fac	3a9 313 301 345
P	1f6c	345	1fac
D	1fad	3a9 314 301 345
P	1f6d	345	1fad
D	1fae	3a9 313 342 345
P	1f6e	345	1fae
D	1faf	3a9 314 342 345
P	1f6f	345	1faf
D	1fb0	3b1 306
P	3b1	306	1fb0
D	1fb1	3b1 304
P	3b1	304	1fb1
D	1fb2	3b1 300 345
P	1f70	345	1fb2
D	1fb3	3b1 345
P	3b1	345	1fb3
D	1fb4	3b1 301 345
P	3ac	345	1fb4
D	1fb6	3b1 342
P	3b1	342	1fb6
D	1fb7	3b1 342 345
P	1fb6	345	1fb7
D	1fb8	391 306
P	391	306	1fb8
D	1fb9	391 304
P	391	304	1fb9
D	1fba	391 300
P	391	300	1fba
D	1fbb	391 301
D	1fbc	391 345
P	391	345	1fbc
K	1fbd	20 313
D	1fbe	3b9
K	1fbf	20 313
K	1fc0	20 342
D	1fc1	a8 342
P	a8	342	1fc1
K	1fc1	20 308 342
D	1fc2	3b7 300 345
P	1f74	345	1fc2
D	1fc3	3b7 345
P	3b7	345	1fc3
D	1fc4	3b7 301 345
P	3ae	345	1fc4
D	1fc6	3b7 342
P	3b7	342	1fc6
D	1fc7	3b7 342 345
P	1fc6	345	1fc7
D	1fc8	395 300
P	395	300	1fc8
D	1fc9	395 301
D	1fca	397 300
P	397	300	1fca
D	1fcb	397 301
D	1fcc	397 345
P	397	345	1fcc
D	1fcd	1fbf 300
P	1fbf	300	1fcd
K	1fcd	20 313 300
D	1fce	1fbf 301
P	1fbf	301	1fce
K	1fce	20 313 301
D	1fcf	1fbf 342
P	1fbf	342	1fcf
K	1fcf	20 313 342
D	1fd0	3b9 306
P	3b9	306	1fd0
D	1fd1	3b9 304
P	3b9	304	1fd1
D	1fd2	3b9 308 300
P	3ca	300	1fd2
D	1fd3	3b9 308 301
D	1fd6	3b9 342
P	3b9	342	1fd6
D	1fd7	3b9 308 342
P	3ca	342	1fd7
D	1fd8	399 306
P	399	306	1fd8
D	1fd9	399 304
P	399	304	1fd9
D	1fda	399 300
P	399	300	1fda
D	1fdb	399 301
D	1fdd	1ffe 300
P	1ffe	300	1fdd
K	1fdd	20 314 300
D	1fde	1ffe 301
P	1ffe	301	1fde
K	1fde	20 314 301
D	1fdf	1ffe 342
P	1ffe	342	1fdf
K	1fdf	20 314 342
D	1fe0	3c5 306
P	3c5	306	1fe0
D	1fe1	3c5 304
P	3c5	304	1fe1
D	1fe2	3c5 308 300
P	3cb	300	1fe2
D	1fe3	3c5 308 301
D	1fe4	3c1 313
P	3c1	313	1fe4
D	1fe5	3c1 314
P	3c1	314	1fe5
D	1fe6	3c5 342
P	3c5	342	1fe6
D	1fe7	3c5 308 342
P	3cb	342	1fe7
D	1fe8	3a5 306
P	3a5	306	1fe8
D	1fe9	3a5 304
P	3a5	304	1fe9
D	1fea	3a5 300
P	3a5	300	1fea
D	1feb	3a5 301
D	1fec	3a1 314
P	3a1	314	1fec
D	1fed	a8 300
P	a8	300	1fed
K	1fed	20 308 300
D	1fee	a8 301
K	1fee	20 308 301
D	1fef	60
D	1ff2	3c9 300 345
P	1f7c	345	1ff2
D	1ff3	3c9 345
P	3c9	345	1ff3
D	1ff4	3c9 301 345
P	3ce	345	1ff4
D	1ff6	3c9 342
P	3c9	342	1ff6
D	1ff7	3c9 342 345
P	1ff6	345	1ff7
D	1ff8	39f 300
P	39f	300	1ff8
D	1ff9	39f 301
D	1ffa	3a9 300
P	3a9	300	1ffa
D	1ffb	3a9 301
D	1ffc	3a9 345
P	3a9	345	1ffc
D	1ffd	b4
K	1ffd	20 301
K	1ffe	20 314
D	2000	2002
K	2000	20
D	2001	2003
K	2001	20
K	2002	20
K	2003	20
K	2004	20
K	2005	20
K	2006	20
K	2007	20
K	2008	20
K	2009	20
K	200a	20
K	2011	2010
K	2017	20 333
K	2024	2e
K	2025	2e 2e
K	2026	2e 2e 2e
K	202f	20
K	2033	2032 2032
K	2034	2032 2032 2032
K	2036	2035 2035
K	2037	2035 2035 2035
K	203c	21 21
K	203e	20 305
K	2047	3f 3f
K	2048	3f 21
K	2049	21 3f
K	2057	2032 2032 2032 2032
K	205f	20
K	2070	30
K	2071	69
K	2074	34
K	2075	35
K	2076	36
K	2077	37
K	2078	38
K	2079	39
K	207a	2b
K	207b	2212
K	207c	3d
K	207d	28
K	207e	29
K	207f	6e
K	2080	30
K	2081	31
K	2082	32
K	2083	33
K	2084	34
K	2085	35
K	2086	36
K	2087	37
K	2088	38
K	2089	39
K	208a	2b
K	208b	2212
K	208c	3d
K	208d	28
K	208e	29
K	2090	61
K	2091	65
K	2092	6f
K	2093	78
K	2094	259
K	2095	68
K	2096	6b
K	2097	6c
K	2098	6d
K	2099	6e
K	209a	70
K	209b	73
K	209c	74
K	20a8	52 73
C	20d0	230
C	20d1	230
C	20d2	1
C	20d3	1
C	20d4	230
C	20d5	230
C	20d6	230
C	20d7	230
C	20d8	1
C	20d9	1
C	20da	1
C	20db	230
C	20dc	230
C	20e1	230
C	20e5	1
C	20e6	1
C	20e7	230
C	20e8	220
C	20e9	230
C	20ea	1
C	20eb	1
C	20ec	220
C	20ed	220
C	20ee	220
C	20ef	220
C	20f0	230
K	2100	61 2f 63
K	2101	61 2f 73
K	2102	43
K	2103	b0 43
K	2105	63 2f 6f
K	2106	63 2f 75
K	2107	190
K	2109	b0 46
K	210a	67
K	210b	48
K	210c	48
K	210d	48
K	210e	68
K	210f	127
K	2110	49
K	2111	49
K	2112	4c
K	2113	6c
K	2115	4e
K	2116	4e 6f
K	2119	50
K	211a	51
K	211b	52
K	211c	52
K	211d	52
K	2120	53 4d
K	2121	54 45 4c
K	2122	54 4d
K	2124	5a
D	2126	3a9
K	2128	5a
D	212a	4b
D	212b	41 30a
K	212c	42
K	212d	43
K	212f	65
K	2130	45
K	2131	46
K	2133	4d
K	2134	6f
K	2135	5d0
K	2136	5d1
K	2137	5d2
K	2138	5d3
K	2139	69
K	213b	46 41 58
K	213c	3c0
K	213d	3b3
K	213e	393
K	213f	3a0
K	2140	2211
K	2145	44
K	2146	64
K	2147	65
K	2148	69
K	2149	6a
K	2150	31 2044 37
K	2151	31 2044 39
K	2152	31 2044 31 30
K	2153	31 2044 33
K	2154	32 2044 33
K	2155	31 2044 35
K	2156	32 2044 35
K	2157	33 2044 35
K	2158	34 2044 35
K	2159	31 2044 36
K	215a	35 2044 36
K	215b	31 2044 38
K	215c	33 2044 38
K	215d	35 2044 38
K	215e	37 2044 38
K	215f	31 2044
K	2160	49
K	2161	49 49
K	2162	49 49 49
K	2163	49 56
K	2164	56
K	2165	56 49
K	2166	56 49 49
K	2167	56 49 49 49
K	2168	49 58
K	2169	58
K	216a	58 49
K	216b	58 49 49
K	216c	4c
K	216d	43
K	216e	44
K	216f	4d
K	2170	69
K	2171	69 69
K	2172	69 69 69
K	2173	69 76
K	2174	76
K	2175	76 69
K	2176	76 69 69
K	2177	76 69 69 69
K	2178	69 78
K	2179	78
K	217a	78 69
K	217b	78 69 69
K	217c	6c
K	217d	63
K	217e	64
K	217f	6d
K	2189	30 2044 33
D	219a	2190 338
P	2190	338	219a
D	219b	2192 338
P	2192	338	219b
D	21ae	2194 338
P	2194	338	21ae
D	21cd	21d0 338
P	21d0	338	21cd
D	21ce	21d4 338
P	21d4	338	21ce
D	21cf	21d2 338
P	21d2	338	21cf
D	2204	2203 338
P	2203	338	2204
D	2209	2208 338
P	2208	338	2209
D	220c	220b 338
P	220b	338	220c
D	2224	2223 338
P	2223	338	2224
D	2226	2225 338
P	2225	338	2226
K	222c	222b 222b
K	222d	222b 222b 222b
K	222f	222e 222e
K	2230	222e 222e 222e
D	2241	223c 338
P	223c	338	2241
D	2244	2243 338
P	2243	338	2244
D	2247	2245 338
P	2245	338	2247
D	2249	2248 338
P	2248	338	2249
D	2260	3d 338
P	3d	338	2260
D	2262	2261 338
P	2261	338	2262
D	226d	224d 338
P	224d	338	226d
D	226e	3c 338
P	3c	338	226e
D	226f	3e 338
P	3e	338	226f
D	2270	2264 338
P	2264	338	2270
D	2271	2265 338
P	2265	338	2271
D	2274	2272 338
P	2272	338	2274
D	2275	2273 338
P	2273	338	2275
D	2278	2276 338
P	2276	338	2278
D	2279	2277 338
P	2277	338	2279
D	2280	227a 338
P	227a	338	2280
D	2281	227b 338
P	227b	338	2281
D	2284	2282 338
P	2282	338	2284
D	2285	2283 338
P	2283	338	2285
D	2288	2286 338
P	2286	338	2288
D	2289	2287 338
P	2287	338	2289
D	22ac	22a2 338
P	22a2	338	22ac
D	22ad	22a8 338
P	22a8	338	22ad
D	22ae	22a9 338
P	22a9	338	22ae
D	22af	22ab 338
P	22ab	338	22af
D	22e0	227c 338
P	227c	338	22e0
D	22e1	227d 338
P	227d	338	22e1
D	22e2	2291 338
P	2291	338	22e2
D	22e3	2292 338
P	2292	338	22e3
D	22ea	22b2 338
P	22b2	338	22ea
D	22eb	22b3 338
P	22b3	338	22eb
D	22ec	22b4 338
P	22b4	338	22ec
D	22ed	22b5 338
P	22b5	338	22ed
D	2329	3008
D	232a	3009
K	2460	31
K	2461	32
K	2462	33
K	2463	34
K	2464	35
K	2465	36
K	2466	37
K	2467	38
K	2468	39
K	2469	31 30
K	246a	31 31
K	246b	31 32
K	246c	31 33
K	246d	31 34
K	246e	31 35
K	246f	31 36
K	2470	31 37
K	2471	31 38
K	2472	31 39
K	2473	32 30
K	2474	28 31 29
K	2475	28 32 29
K	2476	28 33 29
K	2477	28 34 29
K	2478	28 35 29
K	2479	28 36 29
K	247a	28 37 29
K	247b	28 38 29
K	247c	28 39 29
K	247d	28 31 30 29
K	247e	28 31 31 29
K	247f	28 31 32 29
K	2480	28 31 33 29
K	2481	28 31 34 29
K	2482	28 31 35 29
K	2483	28 31 36 29
K	2484	28 31 37 29
K	2485	28 31 38 29
K	2486	28 31 39 29
K	2487	28 32 30 29
K	2488	31 2e
K	2489	32 2e
K	248a	33 2e
K	248b	34 2e
K	248c	35 2e
K	248d	36 2e
K	248e	37 2e
K	248f	38 2e
K	2490	39 2e
K	2491	31 30 2e
K	2492	31 31 2e
K	2493	31 32 2e
K	2494	31 33 2e
K	2495	31 34 2e
K	2496	31 35 2e
K	2497	31 36 2e
K	2498	31 37 2e
K	2499	31 38 2e
K	249a	31 39 2e
K	249b	32 30 2e
K	249c	28 61 29
K	249d	28 62 29
K	249e	28 63 29
K	249f	28 64 29
K	24a0	28 65 29
K	24a1	28 66 29
K	24a2	28 67 29
K	24a3	28 68 29
K	24a4	28 69 29
K	24a5	28 6a 29
K	24a6	28 6b 29
K	24a7	28 6c 29
K	24a8	28 6d 29
K	24a9	28 6e 29
K	24aa	28 6f 29
K	24ab	28 70 29
K	24ac	28 71 29
K	24ad	28 72 29
K	24ae	28 73 29
K	24af	28 74 29
K	24b0	28 75 29
K	24b1	28 76 29
K	24b2	28 77 29
K	24b3	28 78 29
K	24b4	28 79 29
K	24b5	28 7a 29
K	24b6	41
K	24b7	42
K	24b8	43
K	24b9	44
K	24ba	45
K	24bb	46
K	24bc	47
K	24bd	48
K	24be	49
K	24bf	4a
K	24c0	4b
K	24c1	4c
K	24c2	4d
K	24c3	4e
K	24c4	4f
K	24c5	50
K	24c6	51
K	24c7	52
K	24c8	53
K	24c9	54
K	24ca	55
K	24cb	56
K	24cc	57
K	24cd	58
K	24ce	59
K	24cf	5a
K	24d0	61
K	24d1	62
K	24d2	63
K	24d3	64
K	24d4	65
K	24d5	66
K	24d6	67
K	24d7	68
K	24d8	69
K	24d9	6a
K	24da	6b
K	24db	6c
K	24dc	6d
K	24dd	6e
K	24de	6f
K	24df	70
K	24e0	71
K	24e1	72
K	24e2	73
K	24e3	74
K	24e4	75
K	24e5	76
K	24e6	77
K	24e7	78
K	24e8	79
K	24e9	7a
K	24ea	30
K	2a0c	222b 222b 222b 222b
K	2a74	3a 3a 3d
K	2a75	3d 3d
K	2a76	3d 3d 3d
D	2adc	2add 338
K	2c7c	6a
K	2c7d	56
C	2cef	230
C	2cf0	230
C	2cf1	230
K	2d6f	2d61
C	2d7f	9
C	2de0	230
C	2de1	230
C	2de2	230
C	2de3	230
C	2de4	230
C	2de5	230
C	2de6	230
C	2de7	230
C	2de8	230
C	2de9	230
C	2dea	230
C	2deb	230
C	2dec	230
C	2ded	230
C	2dee	230
C	2def	230
C	2df0	230
C	2df1	230
C	2df2	230
C	2df3	230
C	2df4	230
C	2df5	230
C	2df6	230
C	2df7	230
C	2df8	230
C	2df9	230
C	2dfa	230
C	2dfb	230
C	2dfc	230
C	2dfd	230
C	2dfe	230
C	2dff	230
K	2e9f	6bcd
K	2ef3	9f9f
K	2f00	4e00
K	2f01	4e28
K	2f02	4e36
K	2f03	4e3f
K	2f04	4e59
K	2f05	4e85
K	2f06	4e8c
K	2f07	4ea0
K	2f08	4eba
K	2f09	513f
K	2f0a	5165
K	2f0b	516b
K	2f0c	5182
K	2f0d	5196
K	2f0e	51ab
K	2f0f	51e0
K	2f10	51f5
K	2f11	5200
K	2f12	529b
K	2f13	52f9
K	2f14	5315
K	2f15	531a
K	2f16	5338
K	2f17	5341
K	2f18	535c
K	2f19	5369
K	2f1a	5382
K	2f1b	53b6
K	2f1c	53c8
K	2f1d	53e3
K	2f1e	56d7
K	2f1f	571f
K	2f20	58eb
K	2f21	5902
K	2f22	590a
K	2f23	5915
K	2f24	5927
K	2f25	5973
K	2f26	5b50
K	2f27	5b80
K	2f28	5bf8
K	2f29	5c0f
K	2f2a	5c22
K	2f2b	5c38
K	2f2c	5c6e
K	2f2d	5c71
K	2f2e	5ddb
K	2f2f	5de5
K	2f30	5df1
K	2f31	5dfe
K	2f32	5e72
K	2f33	5e7a
K	2f34	5e7f
K	2f35	5ef4
K	2f36	5efe
K	2f37	5f0b
K	2f38	5f13
K	2f39	5f50
K	2f3a	5f61
K	2f3b	5f73
K	2f3c	5fc3
K	2f3d	6208
K	2f3e	6236
K	2f3f	624b
K	2f40	652f
K	2f41	6534
K	2f42	6587
K	2f43	6597
K	2f44	65a4
K	2f45	65b9
K	2f46	65e0
K	2f47	65e5
K	2f48	66f0
K	2f49	6708
K	2f4a	6728
K	2f4b	6b20
K	2f4c	6b62
K	2f4d	6b79
K	2f4e	6bb3
K	2f4f	6bcb
K	2f50	6bd4
K	2f51	6bdb
K	2f52	6c0f
K	2f53	6c14
K	2f54	6c34
K	2f55	706b
K	2f56	722a
K	2f57	7236
K	2f58	723b
K	2f59	723f
K	2f5a	7247
K	2f5b	7259
K	2f5c	725b
K	2f5d	72ac
K	2f5e	7384
K	2f5f	7389
K	2f60	74dc
K	2f61	74e6
K	2f62	7518
K	2f63	751f
K	2f64	7528
K	2f65	7530
K	2f66	758b
K	2f67	7592
K	2f68	7676
K	2f69	767d
K	2f6a	76ae
K	2f6b	76bf
K	2f6c	76ee
K	2f6d	77db
K	2f6e	77e2
K	2f6f	77f3
K	2f70	793a
K	2f71	79b8
K	2f72	79be
K	2f73	7a74
K	2f74	7acb
K	2f75	7af9
K	2f76	7c73
K	2f77	7cf8
K	2f78	7f36
K	2f79	7f51
K	2f7a	7f8a
K	2f7b	7fbd
K	2f7c	8001
K	2f7d	800c
K	2f7e	8012
K	2f7f	8033
K	2f80	807f
K	2f81	8089
K	2f82	81e3
K	2f83	81ea
K	2f84	81f3
K	2f85	81fc
K	2f86	820c
K	2f87	821b
K	2f88	821f
K	2f89	826e
K	2f8a	8272
K	2f8b	8278
K	2f8c	864d
K	2f8d	866b
K	2f8e	8840
K	2f8f	884c
K	2f90	8863
K	2f91	897e
K	2f92	898b
K	2f93	89d2
K	2f94	8a00
K	2f95	8c37
K	2f96	8c46
K	2f97	8c55
K	2f98	8c78
K	2f99	8c9d
K	2f9a	8d64
K	2f9b	8d70
K	2f9c	8db3
K	2f9d	8eab
K	2f9e	8eca
K	2f9f	8f9b
K	2fa0	8fb0
K	2fa1	8fb5
K	2fa2	9091
K	2fa3	9149
K	2fa4	91c6
K	2fa5	91cc
K	2fa6	91d1
K	2fa7	9577
K	2fa8	9580
K	2fa9	961c
K	2faa	96b6
K	2fab	96b9
K	2fac	96e8
K	2fad	9751
K	2fae	975e
K	2faf	9762
K	2fb0	9769
K	2fb1	97cb
K	2fb2	97ed
K	2fb3	97f3
K	2fb4	9801
K	2fb5	98a8
K	2fb6	98db
K	2fb7	98df
K	2fb8	9996
K	2fb9	9999
K	2fba	99ac
K	2fbb	9aa8
K	2fbc	9ad8
K	2fbd	9adf
K	2fbe	9b25
K	2fbf	9b2f
K	2fc0	9b32
K	2fc1	9b3c
K	2fc2	9b5a
K	2fc3	9ce5
K	2fc4	9e75
K	2fc5	9e7f
K	2fc6	9ea5
K	2fc7	9ebb
K	2fc8	9ec3
K	2fc9	9ecd
K	2fca	9ed1
K	2fcb	9ef9
K	2fcc	9efd
K	2fcd	9f0e
K	2fce	9f13
K	2fcf	9f20
K	2fd0	9f3b
K	2fd1	9f4a
K	2fd2	9f52
K	2fd3	9f8d
K	2fd4	9f9c
K	2fd5	9fa0
K	3000	20
C	302a	218
C	302b	228
C	302c	232
C	302d	222
C	302e	224
C	302f	224
K	3036	3012
K	3038	5341
K	3039	5344
K	303a	5345
D	304c	304b 3099
P	304b	3099	304c
D	304e	304d 3099
P	304d	3099	304e
D	3050	304f 3099
P	304f	3099	3050
D	3052	3051 3099
P	3051	3099	3052
D	3054	3053 3099
P	3053	3099	3054
D	3056	3055 3099
P	3055	3099	3056
D	3058	3057 3099
P	3057	3099	3058
D	305a	3059 3099
P	3059	3099	305a
D	305c	305b 3099
P	305b	3099	305c
D	305e	305d 3099
P	305d	3099	305e
D	3060	305f 3099
P	305f	3099	3060
D	3062	3061 3099
P	3061	3099	3062
D	3065	3064 3099
P	3064	3099	3065
D	3067	3066 3099
P	3066	3099	3067
D	3069	3068 3099
P	3068	3099	3069
D	3070	306f 3099
P	306f	3099	3070
D	3071	306f 309a
P	306f	309a	3071
D	3073	3072 3099
P	3072	3099	3073
D	3074	3072 309a
P	3072	309a	3074
D	3076	3075 3099
P	3075	3099	3076
D	3077	3075 309a
P	3075	309a	3077
D	3079	3078 3099
P	3078	3099	3079
D	307a	3078 309a
P	3078	309a	307a
D	307c	307b 3099
P	307b	3099	307c
D	307d	307b 309a
P	307b	309a	307d
D	3094	3046 3099
P	3046	3099	3094
C	3099	8
C	309a	8
K	309b	20 3099
K	309c	20 309a
D	309e	309d 3099
P	309d	3099	309e
K	309f	3088 308a
D	30ac	30ab 3099
P	30ab	3099	30ac
D	30ae	30ad 3099
P	30ad	3099	30ae
D	30b0	30af 3099
P	30af	3099	30b0
D	30b2	30b1 3099
P	30b1	3099	30b2
D	30b4	30b3 3099
P	30b3	3099	30b4
D	30b6	30b5 3099
P	30b5	3099	30b6
D	30b8	30b7 3099
P	30b7	3099	30b8
D	30ba	30b9 3099
P	30b9	3099	30ba
D	30bc	30bb 3099
P	30bb	3099	30bc
D	30be	30bd 3099
P	30bd	3099	30be
D	30c0	30bf 3099
P	30bf	3099	30c0
D	30c2	30c1 3099
P	30c1	3099	30c2
D	30c5	30c4 3099
P	30c4	3099	30c5
D	30c7	30c6 3099
P	30c6	3099	30c7
D	30c9	30c8 3099
P	30c8	3099	30c9
D	30d0	30cf 3099
P	30cf	3099	30d0
D	30d1	30cf 309a
P	30cf	309a	30d1
D	30d3	30d2 3099
P	30d2	3099	30d3
D	30d4	30d2 309a
P	30d2	309a	30d4
D	30d6	30d5 3099
P	30d5	3099	30d6
D	30d7	30d5 309a
P	30d5	309a	30d7
D	30d9	30d8 3099
P	30d8	3099	30d9
D	30da	30d8 309a
P	30d8	309a	30da
D	30dc	30db 3099
P	30db	3099	30dc
D	30dd	30db 309a
P	30db	309a	30dd
D	30f4	30a6 3099
P	30a6	3099	30f4
D	30f7	30ef 3099
P	30ef	3099	30f7
D	30f8	30f0 3099
P	30f0	3099	30f8
D	30f9	30f1 3099
P	30f1	3099	30f9
D	30fa	30f2 3099
P	30f2	3099	30fa
D	30fe	30fd 3099
P	30fd	3099	30fe
K	30ff	30b3 30c8
K	3131	1100
K	3132	1101
K	3133	11aa
K	3134	1102
K	3135	11ac
K	3136	11ad
K	3137	1103
K	3138	1104
K	3139	1105
K	313a	11b0
K	313b	11b1
K	313c	11b2
K	313d	11b3
K	313e	11b4
K	313f	11b5
K	3140	111a
K	3141	1106
K	3142	1107
K	3143	1108
K	3144	1121
K	3145	1109
K	3146	110a
K	3147	110b
K	3148	110c
K	3149	110d
K	314a	110e
K	314b	110f
K	314c	1110
K	314d	1111
K	314e	1112
K	314f	1161
K	3150	1162
K	3151	1163
K	3152	1164
K	3153	1165
K	3154	1166
K	3155	1167
K	3156	1168
K	3157	1169
K	3158	116a
K	3159	116b
K	315a	116c
K	315b	116d
K	315c	116e
K	315d	116f
K	315e	1170
K	315f	1171
K	3160	1172
K	3161	1173
K	3162	1174
K	3163	1175
K	3164	1160
K	3165	1114
K	3166	1115
K	3167	11c7
K	3168	11c8
K	3169	11cc
K	316a	11ce
K	316b	11d3
K	316c	11d7
K	316d	11d9
K	316e	111c
K	316f	11dd
K	3170	11df
K	3171	111d
K	3172	111e
K	3173	1120
K	3174	1122
K	3175	1123
K	3176	1127
K	3177	1129
K	3178	112b
K	3179	112c
K	317a	112d
K	317b	112e
K	317c	112f
K	317d	1132
K	317e	1136
K	317f	1140
K	3180	1147
K	3181	114c
K	3182	11f1
K	3183	11f2
K	3184	1157
K	3185	1158
K	3186	1159
K	3187	1184
K	3188	1185
K	3189	1188
K	318a	1191
K	318b	1192
K	318c	1194
K	318d	119e
K	318e	11a1
K	3192	4e00
K	3193	4e8c
K	3194	4e09
K	3195	56db
K	3196	4e0a
K	3197	4e2d
K	3198	4e0b
K	3199	7532
K	319a	4e59
K	319b	4e19
K	319c	4e01
K	319d	5929
K	319e	5730
K	319f	4eba
K	3200	28 1100 29
K	3201	28 1102 29
K	3202	28 1103 29
K	3203	28 1105 29
K	3204	28 1106 29
K	3205	28 1107 29
K	3206	28 1109 29
K	3207	28 110b 29
K	3208	28 110c 29
K	3209	28 110e 29
K	320a	28 110f 29
K	320b	28 1110 29
K	320c	28 1111 29
K	320d	28 1112 29
K	320e	28 1100 1161 29
K	320f	28 1102 1161 29
K	3210	28 1103 1161 29
K	3211	28 1105 1161 29
K	3212	28 1106 1161 29
K	3213	28 1107 1161 29
K	3214	28 1109 1161 29
K	3215	28 110b 1161 29
K	3216	28 110c 1161 29
K	3217	28 110e 1161 29
K	3218	28 110f 1161 29
K	3219	28 1110 1161 29
K	321a	28 1111 1161 29
K	321b	28 1112 1161 29
K	321c	28 110c 116e 29
K	321d	28 110b 1169 110c 1165 11ab 29
K	321e	28 110b 1169 1112 116e 29
K	3220	28 4e00 29
K	3221	28 4e8c 29
K	3222	28 4e09 29
K	3223	28 56db 29
K	3224	28 4e94 29
K	3225	28 516d 29
K	3226	28 4e03 29
K	3227	28 516b 29
K	3228	28 4e5d 29
K	3229	28 5341 29
K	322a	28 6708 29
K	322b	28 706b 29
K	322c	28 6c34 29
K	322d	28 6728 29
K	322e	28 91d1 29
K	322f	28 571f 29
K	3230	28 65e5 29
K	3231	28 682a 29
K	3232	28 6709 29
K	3233	28 793e 29
K	3234	28 540d 29
K	3235	28 7279 29
K	3236	28 8ca1 29
K	3237	28 795d 29
K	3238	28 52b4 29
K	3239	28 4ee3 29
K	323a	28 547c 29
K	323b	28 5b66 29
K	323c	28 76e3 29
K	323d	28 4f01 29
K	323e	28 8cc7 29
K	323f	28 5354 29
K	3240	28 796d 29
K	3241	28 4f11 29
K	3242	28 81ea 29
K	3243	28 81f3 29
K	3244	554f
K	3245	5e7c
K	3246	6587
K	3247	7b8f
K	3250	50 54 45
K	3251	32 31
K	3252	32 32
K	3253	32 33
K	3254	32 34
K	3255	32 35
K	3256	32 36
K	3257	32 37
K	3258	32 38
K	3259	32 39
K	325a	33 30
K	325b	33 31
K	325c	33 32
K	325d	33 33
K	325e	33 34
K	325f	33 35
K	3260	1100
K	3261	1102
K	3262	1103
K	3263	1105
K	3264	1106
K	3265	1107
K	3266	1109
K	3267	110b
K	3268	110c
K	3269	110e
K	326a	110f
K	326b	1110
K	326c	1111
K	326d	1112
K	326e	1100 1161
K	326f	1102 1161
K	3270	1103 1161
K	3271	1105 1161
K	3272	1106 1161
K	3273	1107 1161
K	3274	1109 1161
K	3275	110b 1161
K	3276	110c 1161
K	3277	110e 1161
K	3278	110f 1161
K	3279	1110 1161
K	327a	1111 1161
K	327b	1112 1161
K	327c	110e 1161 11b7 1100 1169
K	327d	110c 116e 110b 1174
K	327e	110b 116e
K	3280	4e00
K	3281	4e8c
K	3282	4e09
K	3283	56db
K	3284	4e94
K	3285	516d
K	3286	4e03
K	3287	516b
K	3288	4e5d
K	3289	5341
K	328a	6708
K	328b	706b
K	328c	6c34
K	328d	6728
K	328e	91d1
K	328f	571f
K	3290	65e5
K	3291	682a
K	3292	6709
K	3293	793e
K	3294	540d
K	3295	7279
K	3296	8ca1
K	3297	795d
K	3298	52b4
K	3299	79d8
K	329a	7537
K	329b	5973
K	329c	9069
K	329d	512a
K	329e	5370
K	329f	6ce8
K	32a0	9805
K	32a1	4f11
K	32a2	5199
K	32a3	6b63
K	32a4	4e0a
K	32a5	4e2d
K	32a6	4e0b
K	32a7	5de6
K	32a8	53f3
K	32a9	533b
K	32aa	5b97
K	32ab	5b66
K	32ac	76e3
K	32ad	4f01
K	32ae	8cc7
K	32af	5354
K	32b0	591c
K	32b1	33 36
K	32b2	33 37
K	32b3	33 38
K	32b4	33 39
K	32b5	34 30
K	32b6	34 31
K	32b7	34 32
K	32b8	34 33
K	32b9	34 34
K	32ba	34 35
K	32bb	34 36
K	32bc	34 37
K	32bd	34 38
K	32be	34 39
K	32bf	35 30
K	32c0	31 6708
K	32c1	32 6708
K	32c2	33 6708
K	32c3	34 6708
K	32c4	35 6708
K	32c5	36 6708
K	32c6	37 6708
K	32c7	38 6708
K	32c8	39 6708
K	32c9	31 30 6708
K	32ca	31 31 6708
K	32cb	31 32 6708
K	32cc	48 67
K	32cd	65 72 67
K	32ce	65 56
K	32cf	4c 54 44
K	32d0	30a2
K	32d1	30a4
K	32d2	30a6
K	32d3	30a8
K	32d4	30aa
K	32d5	30ab
K	32d6	30ad
K	32d7	30af
K	32d8	30b1
K	32d9	30b3
K	32da	30b5
K	32db	30b7
K	32dc	30b9
K	32dd	30bb
K	32de	30bd
K	32df	30bf
K	32e0	30c1
K	32e1	30c4
K	32e2	30c6
K	32e3	30c8
K	32e4	30ca
K	32e5	30cb
K	32e6	30cc
K	32e7	30cd
K	32e8	30ce
K	32e9	30cf
K	32ea	30d2
K	32eb	30d5
K	32ec	30d8
K	32ed	30db
K	32ee	30de
K	32ef	30df
K	32f0	30e0
K	32f1	30e1
K	32f2	30e2
K	32f3	30e4
K	32f4	30e6
K	32f5	30e8
K	32f6	30e9
K	32f7	30ea
K	32f8	30eb
K	32f9	30ec
K	32fa	30ed
K	32fb	30ef
K	32fc	30f0
K	32fd	30f1
K	32fe	30f2
K	32ff	4ee4 548c
K	3300	30a2 30cf 309a 30fc 30c8
K	3301	30a2 30eb 30d5 30a1
K	3302	30a2 30f3 30d8 309a 30a2
K	3303	30a2 30fc 30eb
K	3304	30a4 30cb 30f3 30af 3099
K	3305	30a4 30f3 30c1
K	3306	30a6 30a9 30f3
K	3307	30a8 30b9 30af 30fc 30c8 3099
K	3308	30a8 30fc 30ab 30fc
K	3309	30aa 30f3 30b9
K	330a	30aa 30fc 30e0
K	330b	30ab 30a4 30ea
K	330c	30ab 30e9 30c3 30c8
K	330d	30ab 30ed 30ea 30fc
K	330e	30ab 3099 30ed 30f3
K	330f	30ab 3099 30f3 30de
K	3310	30ad 3099 30ab 3099
K	3311	30ad 3099 30cb 30fc
K	3312	30ad 30e5 30ea 30fc
K	3313	30ad 3099 30eb 30bf 3099 30fc
K	3314	30ad 30ed
K	3315	30ad 30ed 30af 3099 30e9 30e0
K	3316	30ad 30ed 30e1 30fc 30c8 30eb
K	3317	30ad 30ed 30ef 30c3 30c8
K	3318	30af 3099 30e9 30e0
K	3319	30af 3099 30e9 30e0 30c8 30f3
K	331a	30af 30eb 30bb 3099 30a4 30ed
K	331b	30af 30ed 30fc 30cd
K	331c	30b1 30fc 30b9
K	331d	30b3 30eb 30ca
K	331e	30b3 30fc 30db 309a
K	331f	30b5 30a4 30af 30eb
K	3320	30b5 30f3 30c1 30fc 30e0
K	3321	30b7 30ea 30f3 30af 3099
K	3322	30bb 30f3 30c1
K	3323	30bb 30f3 30c8
K	3324	30bf 3099 30fc 30b9
K	3325	30c6 3099 30b7
K	3326	30c8 3099 30eb
K	3327	30c8 30f3
K	3328	30ca 30ce
K	3329	30ce 30c3 30c8
K	332a	30cf 30a4 30c4
K	332b	30cf 309a 30fc 30bb 30f3 30c8
K	332c	30cf 309a 30fc 30c4
K	332d	30cf 3099 30fc 30ec 30eb
K	332e	30d2 309a 30a2 30b9 30c8 30eb
K	332f	30d2 309a 30af 30eb
K	3330	30d2 309a 30b3
K	3331	30d2 3099 30eb
K	3332	30d5 30a1 30e9 30c3 30c8 3099
K	3333	30d5 30a3 30fc 30c8
K	3334	30d5 3099 30c3 30b7 30a7 30eb
K	3335	30d5 30e9 30f3
K	3336	30d8 30af 30bf 30fc 30eb
K	3337	30d8 309a 30bd
K	3338	30d8 309a 30cb 30d2
K	3339	30d8 30eb 30c4
K	333a	30d8 309a 30f3 30b9
K	333b	30d8 309a 30fc 30b7 3099
K	333c	30d8 3099 30fc 30bf
K	333d	30db 309a 30a4 30f3 30c8
K	333e	30db 3099 30eb 30c8
K	333f	30db 30f3
K	3340	30db 309a 30f3 30c8 3099
K	3341	30db 30fc 30eb
K	3342	30db 30fc 30f3
K	3343	30de 30a4 30af 30ed
K	3344	30de 30a4 30eb
K	3345	30de 30c3 30cf
K	3346	30de 30eb 30af
K	3347	30de 30f3 30b7 30e7 30f3
K	3348	30df 30af 30ed 30f3
K	3349	30df 30ea
K	334a	30df 30ea 30cf 3099 30fc 30eb
K	334b	30e1 30ab 3099
K	334c	30e1 30ab 3099 30c8 30f3
K	334d	30e1 30fc 30c8 30eb
K	334e	30e4 30fc 30c8 3099
K	334f	30e4 30fc 30eb
K	3350	30e6 30a2 30f3
K	3351	30ea 30c3 30c8 30eb
K	3352	30ea 30e9
K	3353	30eb 30d2 309a 30fc
K	3354	30eb 30fc 30d5 3099 30eb
K	3355	30ec 30e0
K	3356	30ec 30f3 30c8 30b1 3099 30f3
K	3357	30ef 30c3 30c8
K	3358	30 70b9
K	3359	31 70b9
K	335a	32 70b9
K	335b	33 70b9
K	335c	34 70b9
K	335d	35 70b9
K	335e	36 70b9
K	335f	37 70b9
K	3360	38 70b9
K	3361	39 70b9
K	3362	31 30 70b9
K	3363	31 31 70b9
K	3364	31 32 70b9
K	3365	31 33 70b9
K	3366	31 34 70b9
K	3367	31 35 70b9
K	3368	31 36 70b9
K	3369	31 37 70b9
K	336a	31 38 70b9
K	336b	31 39 70b9
K	336c	32 30 70b9
K	336d	32 31 70b9
K	336e	32 32 70b9
K	336f	32 33 70b9
K	3370	32 34 70b9
K	3371	68 50 61
K	3372	64 61
K	3373	41 55
K	3374	62 61 72
K	3375	6f 56
K	3376	70 63
K	3377	64 6d
K	3378	64 6d 32
K	3379	64 6d 33
K	337a	49 55
K	337b	5e73 6210
K	337c	662d 548c
K	337d	5927 6b63
K	337e	660e 6cbb
K	337f	682a 5f0f 4f1a 793e
K	3380	70 41
K	3381	6e 41
K	3382	3bc 41
K	3383	6d 41
K	3384	6b 41
K	3385	4b 42
K	3386	4d 42
K	3387	47 42
K	3388	63 61 6c
K	3389	6b 63 61 6c
K	338a	70 46
K	338b	6e 46
K	338c	3bc 46
K	338d	3bc 67
K	338e	6d 67
K	338f	6b 67
K	3390	48 7a
K	3391	6b 48 7a
K	3392	4d 48 7a
K	3393	47 48 7a
K	3394	54 48 7a
K	3395	3bc 6c
K	3396	6d 6c
K	3397	64 6c
K	3398	6b 6c
K	3399	66 6d
K	339a	6e 6d
K	339b	3bc 6d
K	339c	6d 6d
K	339d	63 6d
K	339e	6b 6d
K	339f	6d 6d 32
K	33a0	63 6d 32
K	33a1	6d 32
K	33a2	6b 6d 32
K	33a3	6d 6d 33
K	33a4	63 6d 33
K	33a5	6d 33
K	33a6	6b 6d 33
K	33a7	6d 2215 73
K	33a8	6d 2215 73 32
K	33a9	50 61
K	33aa	6b 50 61
K	33ab	4d 50 61
K	33ac	47 50 61
K	33ad	72 61 64
K	33ae	72 61 64 2215 73
K	33af	72 61 64 2215 73 32
K	33b0	70 73
K	33b1	6e 73
K	33b2	3bc 73
K	33b3	6d 73
K	33b4	70 56
K	33b5	6e 56
K	33b6	3bc 56
K	33b7	6d 56
K	33b8	6b 56
K	33b9	4d 56
K	33ba	70 57
K	33bb	6e 57
K	33bc	3bc 57
K	33bd	6d 57
K	33be	6b 57
K	33bf	4d 57
K	33c0	6b 3a9
K	33c1	4d 3a9
K	33c2	61 2e 6d 2e
K	33c3	42 71
K	33c4	63 63
K	33c5	63 64
K	33c6	43 2215 6b 67
K	33c7	43 6f 2e
K	33c8	64 42
K	33c9	47 79
K	33ca	68 61
K	33cb	48 50
K	33cc	69 6e
K	33cd	4b 4b
K	33ce	4b 4d
K	33cf	6b 74
K	33d0	6c 6d
K	33d1	6c 6e
K	33d2	6c 6f 67
K	33d3	6c 78
K	33d4	6d 62
K	33d5	6d 69 6c
K	33d6	6d 6f 6c
K	33d7	50 48
K	33d8	70 2e 6d 2e
K	33d9	50 50 4d
K	33da	50 52
K	33db	73 72
K	33dc	53 76
K	33dd	57 62
K	33de	56 2215 6d
K	33df	41 2215 6d
K	33e0	31 65e5
K	33e1	32 65e5
K	33e2	33 65e5
K	33e3	34 65e5
K	33e4	35 65e5
K	33e5	36 65e5
K	33e6	37 65e5
K	33e7	38 65e5
K	33e8	39 65e5
K	33e9	31 30 65e5
K	33ea	31 31 65e5
K	33eb	31 32 65e5
K	33ec	31 33 65e5
K	33ed	31 34 65e5
K	33ee	31 35 65e5
K	33ef	31 36 65e5
K	33f0	31 37 65e5
K	33f1	31 38 65e5
K	33f2	31 39 65e5
K	33f3	32 30 65e5
K	33f4	32 31 65e5
K	33f5	32 32 65e5
K	33f6	32 33 65e5
K	33f7	32 34 65e5
K	33f8	32 35 65e5
K	33f9	32 36 65e5
K	33fa	32 37 65e5
K	33fb	32 38 65e5
K	33fc	32 39 65e5
K	33fd	33 30 65e5
K	33fe	33 31 65e5
K	33ff	67 61 6c
C	a66f	230
C	a674	230
C	a675	230
C	a676	230
C	a677	230
C	a678	230
C	a679	230
C	a67a	230
C	a67b	230
C	a67c	230
C	a67d	230
K	a69c	44a
K	a69d	44c
C	a69e	230
C	a69f	230
C	a6f0	230
C	a6f1	230
K	a770	a76f
K	a7f2	43
K	a7f3	46
K	a7f4	51
K	a7f8	126
K	a7f9	153
C	a806	9
C	a82c	9
C	a8c4	9
C	a8e0	230
C	a8e1	230
C	a8e2	230
C	a8e3	230
C	a8e4	230
C	a8e5	230
C	a8e6	230
C	a8e7	230
C	a8e8	230
C	a8e9	230
C	a8ea	230
C	a8eb	230
C	a8ec	230
C	a8ed	230
C	a8ee	230
C	a8ef	230
C	a8f0	230
C	a8f1	230
C	a92b	220
C	a92c	220
C	a92d	220
C	a953	9
C	a9b3	7
C	a9c0	9
C	aab0	230
C	aab2	230
C	aab3	230
C	aab4	220
C	aab7	230
C	aab8	230
C	aabe	230
C	aabf	230
C	aac1	230
C	aaf6	9
K	ab5c	a727
K	ab5d	ab37
K	ab5e	26b
K	ab5f	ab52
K	ab69	28d
C	abed	9
D	f900	8c48
D	f901	66f4
D	f902	8eca
D	f903	8cc8
D	f904	6ed1
D	f905	4e32
D	f906	53e5
D	f907	9f9c
D	f908	9f9c
D	f909	5951
D	f90a	91d1
D	f90b	5587
D	f90c	5948
D	f90d	61f6
D	f90e	7669
D	f90f	7f85
D	f910	863f
D	f911	87ba
D	f912	88f8
D	f913	908f
D	f914	6a02
D	f915	6d1b
D	f916	70d9
D	f917	73de
D	f918	843d
D	f919	916a
D	f91a	99f1
D	f91b	4e82
D	f91c	5375
D	f91d	6b04
D	f91e	721b
D	f91f	862d
D	f920	9e1e
D	f921	5d50
D	f922	6feb
D	f923	85cd
D	f924	8964
D	f925	62c9
D	f926	81d8
D	f927	881f
D	f928	5eca
D	f929	6717
D	f92a	6d6a
D	f92b	72fc
D	f92c	90ce
D	f92d	4f86
D	f92e	51b7
D	f92f	52de
D	f930	64c4
D	f931	6ad3
D	f932	7210
D	f933	76e7
D	f934	8001
D	f935	8606
D	f936	865c
D	f937	8def
D	f938	9732
D	f939	9b6f
D	f93a	9dfa
D	f93b	788c
D	f93c	797f
D	f93d	7da0
D	f93e	83c9
D	f93f	9304
D	f940	9e7f
D	f941	8ad6
D	f942	58df
D	f943	5f04
D	f944	7c60
D	f945	807e
D	f946	7262
D	f947	78ca
D	f948	8cc2
D	f949	96f7
D	f94a	58d8
D	f94b	5c62
D	f94c	6a13
D	f94d	6dda
D	f94e	6f0f
D	f94f	7d2f
D	f950	7e37
D	f951	964b
D	f952	52d2
D	f953	808b
D	f954	51dc
D	f955	51cc
D	f956	7a1c
D	f957	7dbe
D	f958	83f1
D	f959	9675
D	f95a	8b80
D	f95b	62cf
D	f95c	6a02
D	f95d	8afe
D	f95e	4e39
D	f95f	5be7
D	f960	6012
D	f961	7387
D	f962	7570
D	f963	5317
D	f964	78fb
D	f965	4fbf
D	f966	5fa9
D	f967	4e0d
D	f968	6ccc
D	f969	6578
D	f96a	7d22
D	f96b	53c3
D	f96c	585e
D	f96d	7701
D	f96e	8449
D	f96f	8aaa
D	f970	6bba
D	f971	8fb0
D	f972	6c88
D	f973	62fe
D	f974	82e5
D	f975	63a0
D	f976	7565
D	f977	4eae
D	f978	5169
D	f979	51c9
D	f97a	6881
D	f97b	7ce7
D	f97c	826f
D	f97d	8ad2
D	f97e	91cf
D	f97f	52f5
D	f980	5442
D	f981	5973
D	f982	5eec
D	f983	65c5
D	f984	6ffe
D	f985	792a
D	f986	95ad
D	f987	9a6a
D	f988	9e97
D	f989	9ece
D	f98a	529b
D	f98b	66c6
D	f98c	6b77
D	f98d	8f62
D	f98e	5e74
D	f98f	6190
D	f990	6200
D	f991	649a
D	f992	6f23
D	f993	7149
D	f994	7489
D	f995	79ca
D	f996	7df4
D	f997	806f
D	f998	8f26
D	f999	84ee
D	f99a	9023
D	f99b	934a
D	f99c	5217
D	f99d	52a3
D	f99e	54bd
D	f99f	70c8
D	f9a0	88c2
D	f9a1	8aaa
D	f9a2	5ec9
D	f9a3	5ff5
D	f9a4	637b
D	f9a5	6bae
D	f9a6	7c3e
D	f9a7	7375
D	f9a8	4ee4
D	f9a9	56f9
D	f9aa	5be7
D	f9ab	5dba
D	f9ac	601c
D	f9ad	73b2
D	f9ae	7469
D	f9af	7f9a
D	f9b0	8046
D	f9b1	9234
D	f9b2	96f6
D	f9b3	9748
D	f9b4	9818
D	f9b5	4f8b
D	f9b6	79ae
D	f9b7	91b4
D	f9b8	96b8
D	f9b9	60e1
D	f9ba	4e86
D	f9bb	50da
D	f9bc	5bee
D	f9bd	5c3f
D	f9be	6599
D	f9bf	6a02
D	f9c0	71ce
D	f9c1	7642
D	f9c2	84fc
D	f9c3	907c
D	f9c4	9f8d
D	f9c5	6688
D	f9c6	962e
D	f9c7	5289
D	f9c8	677b
D	f9c9	67f3
D	f9ca	6d41
D	f9cb	6e9c
D	f9cc	7409
D	f9cd	7559
D	f9ce	786b
D	f9cf	7d10
D	f9d0	985e
D	f9d1	516d
D	f9d2	622e
D	f9d3	9678
D	f9d4	502b
D	f9d5	5d19
D	f9d6	6dea
D	f9d7	8f2a
D	f9d8	5f8b
D	f9d9	6144
D	f9da	6817
D	f9db	7387
D	f9dc	9686
D	f9dd	5229
D	f9de	540f
D	f9df	5c65
D	f9e0	6613
D	f9e1	674e
D	f9e2	68a8
D	f9e3	6ce5
D	f9e4	7406
D	f9e5	75e2
D	f9e6	7f79
D	f9e7	88cf
D	f9e8	88e1
D	f9e9	91cc
D	f9ea	96e2
D	f9eb	533f
D	f9ec	6eba
D	f9ed	541d
D	f9ee	71d0
D	f9ef	7498
D	f9f0	85fa
D	f9f1	96a3
D	f9f2	9c57
D	f9f3	9e9f
D	f9f4	6797
D	f9f5	6dcb
D	f9f6	81e8
D	f9f7	7acb
D	f9f8	7b20
D	f9f9	7c92
D	f9fa	72c0
D	f9fb	7099
D	f9fc	8b58
D	f9fd	4ec0
D	f9fe	8336
D	f9ff	523a
D	fa00	5207
D	fa01	5ea6
D	fa02	62d3
D	fa03	7cd6
D	fa04	5b85
D	fa05	6d1e
D	fa06	66b4
D	fa07	8f3b
D	fa08	884c
D	fa09	964d
D	fa0a	898b
D	fa0b	5ed3
D	fa0c	5140
D	fa0d	55c0
D	fa10	585a
D	fa12	6674
D	fa15	51de
D	fa16	732a
D	fa17	76ca
D	fa18	793c
D	fa19	795e
D	fa1a	7965
D	fa1b	798f
D	fa1c	9756
D	fa1d	7cbe
D	fa1e	7fbd
D	fa20	8612
D	fa22	8af8
D	fa25	9038
D	fa26	90fd
D	fa2a	98ef
D	fa2b	98fc
D	fa2c	9928
D	fa2d	9db4
D	fa2e	90de
D	fa2f	96b7
D	fa30	4fae
D	fa31	50e7
D	fa32	514d
D	fa33	52c9
D	fa34	52e4
D	fa35	5351
D	fa36	559d
D	fa37	5606
D	fa38	5668
D	fa39	5840
D	fa3a	58a8
D	fa3b	5c64
D	fa3c	5c6e
D	fa3d	6094
D	fa3e	6168
D	fa3f	618e
D	fa40	61f2
D	fa41	654f
D	fa42	65e2
D	fa43	6691
D	fa44	6885
D	fa45	6d77
D	fa46	6e1a
D	fa47	6f22
D	fa48	716e
D	fa49	722b
D	fa4a	7422
D	fa4b	7891
D	fa4c	793e
D	fa4d	7949
D	fa4e	7948
D	fa4f	7950
D	fa50	7956
D	fa51	795d
D	fa52	798d
D	fa53	798e
D	fa54	7a40
D	fa55	7a81
D	fa56	7bc0
D	fa57	7df4
D	fa58	7e09
D	fa59	7e41
D	fa5a	7f72
D	fa5b	8005
D	fa5c	81ed
D	fa5d	8279
D	fa5e	8279
D	fa5f	8457
D	fa60	8910
D	fa61	8996
D	fa62	8b01
D	fa63	8b39
D	fa64	8cd3
D	fa65	8d08
D	fa66	8fb6
D	fa67	9038
D	fa68	96e3
D	fa69	97ff
D	fa6a	983b
D	fa6b	6075
D	fa6c	242ee
D	fa6d	8218
D	fa70	4e26
D	fa71	51b5
D	fa72	5168
D	fa73	4f80
D	fa74	5145
D	fa75	5180
D	fa76	52c7
D	fa77	52fa
D	fa78	559d
D	fa79	5555
D	fa7a	5599
D	fa7b	55e2
D	fa7c	585a
D	fa7d	58b3
D	fa7e	5944
D	fa7f	5954
D	fa80	5a62
D	fa81	5b28
D	fa82	5ed2
D	fa83	5ed9
D	fa84	5f69
D	fa85	5fad
D	fa86	60d8
D	fa87	614e
D	fa88	6108
D	fa89	618e
D	fa8a	6160
D	fa8b	61f2
D	fa8c	6234
D	fa8d	63c4
D	fa8e	641c
D	fa8f	6452
D	fa90	6556
D	fa91	6674
D	fa92	6717
D	fa93	671b
D	fa94	6756
D	fa95	6b79
D	fa96	6bba
D	fa97	6d41
D	fa98	6edb
D	fa99	6ecb
D	fa9a	6f22
D	fa9b	701e
D	fa9c	716e
D	fa9d	77a7
D	fa9e	7235
D	fa9f	72af
D	faa0	732a
D	faa1	7471
D	faa2	7506
D	faa3	753b
D	faa4	761d
D	faa5	761f
D	faa6	76ca
D	faa7	76db
D	faa8	76f4
D	faa9	774a
D	faaa	7740
D	faab	78cc
D	faac	7ab1
D	faad	7bc0
D	faae	7c7b
D	faaf	7d5b
D	fab0	7df4
D	fab1	7f3e
D	fab2	8005
D	fab3	8352
D	fab4	83ef
D	fab5	8779
D	fab6	8941
D	fab7	8986
D	fab8	8996
D	fab9	8abf
D	faba	8af8
D	fabb	8acb
D	fabc	8b01
D	fabd	8afe
D	fabe	8aed
D	fabf	8b39
D	fac0	8b8a
D	fac1	8d08
D	fac2	8f38
D	fac3	9072
D	fac4	9199
D	fac5	9276
D	fac6	967c
D	fac7	96e3
D	fac8	9756
D	fac9	97db
D	faca	97ff
D	facb	980b
D	facc	983b
D	facd	9b12
D	face	9f9c
D	facf	2284a
D	fad0	22844
D	fad1	233d5
D	fad2	3b9d
D	fad3	4018
D	fad4	4039
D	fad5	25249
D	fad6	25cd0
D	fad7	27ed3
D	fad8	9f43
D	fad9	9f8e
K	fb00	66 66
K	fb01	66 69
K	fb02	66 6c
K	fb03	66 66 69
K	fb04	66 66 6c
K	fb05	73 74
K	fb06	73 74
K	fb13	574 576
K	fb14	574 565
K	fb15	574 56b
K	fb16	57e 576
K	fb17	574 56d
D	fb1d	5d9 5b4
C	fb1e	26
D	fb1f	5f2 5b7
K	fb20	5e2
K	fb21	5d0
K	fb22	5d3
K	fb23	5d4
K	fb24	5db
K	fb25	5dc
K	fb26	5dd
K	fb27	5e8
K	fb28	5ea
K	fb29	2b
D	fb2a	5e9 5c1
D	fb2b	5e9 5c2
D	fb2c	5e9 5bc 5c1
D	fb2d	5e9 5bc 5c2
D	fb2e	5d0 5b7
D	fb2f	5d0 5b8
D	fb30	5d0 5bc
D	fb31	5d1 5bc
D	fb32	5d2 5bc
D	fb33	5d3 5bc
D	fb34	5d4 5bc
D	fb35	5d5 5bc
D	fb36	5d6 5bc
D	fb38	5d8 5bc
D	fb39	5d9 5bc
D	fb3a	5da 5bc
D	fb3b	5db 5bc
D	fb3c	5dc 5bc
D	fb3e	5de 5bc
D	fb40	5e0 5bc
D	fb41	5e1 5bc
D	fb43	5e3 5bc
D	fb44	5e4 5bc
D	fb46	5e6 5bc
D	fb47	5e7 5bc
D	fb48	5e8 5bc
D	fb49	5e9 5bc
D	fb4a	5ea 5bc
D	fb4b	5d5 5b9
D	fb4c	5d1 5bf
D	fb4d	5db 5bf
D	fb4e	5e4 5bf
K	fb4f	5d0 5dc
K	fb50	671
K	fb51	671
K	fb52	67b
K	fb53	67b
K	fb54	67b
K	fb55	67b
K	fb56	67e
K	fb57	67e
K	fb58	67e
K	fb59	67e
K	fb5a	680
K	fb5b	680
K	fb5c	680
K	fb5d	680
K	fb5e	67a
K	fb5f	67a
K	fb60	67a
K	fb61	67a
K	fb62	67f
K	fb63	67f
K	fb64	67f
K	fb65	67f
K	fb66	679
K	fb67	679
K	fb68	679
K	fb69	679
K	fb6a	6a4
K	fb6b	6a4
K	fb6c	6a4
K	fb6d	6a4
K	fb6e	6a6
K	fb6f	6a6
K	fb70	6a6
K	fb71	6a6
K	fb72	684
K	fb73	684
K	fb74	684
K	fb75	684
K	fb76	683
K	fb77	683
K	fb78	683
K	fb79	683
K	fb7a	686
K	fb7b	686
K	fb7c	686
K	fb7d	686
K	fb7e	687
K	fb7f	687
K	fb80	687
K	fb81	687
K	fb82	68d
K	fb83	68d
K	fb84	68c
K	fb85	68c
K	fb86	68e
K	fb87	68e
K	fb88	688
K	fb89	688
K	fb8a	698
K	fb8b	698
K	fb8c	691
K	fb8d	691
K	fb8e	6a9
K	fb8f	6a9
K	fb90	6a9
K	fb91	6a9
K	fb92	6af
K	fb93	6af
K	fb94	6af
K	fb95	6af
K	fb96	6b3
K	fb97	6b3
K	fb98	6b3
K	fb99	6b3
K	fb9a	6b1
K	fb9b	6b1
K	fb9c	6b1
K	fb9d	6b1
K	fb9e	6ba
K	fb9f	6ba
K	fba0	6bb
K	fba1	6bb
K	fba2	6bb
K	fba3	6bb
K	fba4	6d5 654
K	fba5	6d5 654
K	fba6	6c1
K	fba7	6c1
K	fba8	6c1
K	fba9	6c1
K	fbaa	6be
K	fbab	6be
K	fbac	6be
K	fbad	6be
K	fbae	6d2
K	fbaf	6d2
K	fbb0	6d2 654
K	fbb1	6d2 654
K	fbd3	6ad
K	fbd4	6ad
K	fbd5	6ad
K	fbd6	6ad
K	fbd7	6c7
K	fbd8	6c7
K	fbd9	6c6
K	fbda	6c6
K	fbdb	6c8
K	fbdc	6c8
K	fbdd	6c7 674
K	fbde	6cb
K	fbdf	6cb
K	fbe0	6c5
K	fbe1	6c5
K	fbe2	6c9
K	fbe3	6c9
K	fbe4	6d0
K	fbe5	6d0
K	fbe6	6d0
K	fbe7	6d0
K	fbe8	649
K	fbe9	649
K	fbea	64a 654 627
K	fbeb	64a 654 627
K	fbec	64a 654 6d5
K	fbed	64a 654 6d5
K	fbee	64a 654 648
K	fbef	64a 654 648
K	fbf0	64a 654 6c7
K	fbf1	64a 654 6c7
K	fbf2	64a 654 6c6
K	fbf3	64a 654 6c6
K	fbf4	64a 654 6c8
K	fbf5	64a 654 6c8
K	fbf6	64a 654 6d0
K	fbf7	64a 654 6d0
K	fbf8	64a 654 6d0
K	fbf9	64a 654 649
K	fbfa	64a 654 649
K	fbfb	64a 654 649
K	fbfc	6cc
K	fbfd	6cc
K	fbfe	6cc
K	fbff	6cc
K	fc00	64a 654 62c
K	fc01	64a 654 62d
K	fc02	64a 654 645
K	fc03	64a 654 649
K	fc04	64a 654 64a
K	fc05	628 62c
K	fc06	628 62d
K	fc07	628 62e
K	fc08	628 645
K	fc09	628 649
K	fc0a	628 64a
K	fc0b	62a 62c
K	fc0c	62a 62d
K	fc0d	62a 62e
K	fc0e	62a 645
K	fc0f	62a 649
K	fc10	62a 64a
K	fc11	62b 62c
K	fc12	62b 645
K	fc13	62b 649
K	fc14	62b 64a
K	fc15	62c 62d
K	fc16	62c 645
K	fc17	62d 62c
K	fc18	62d 645
K	fc19	62e 62c
K	fc1a	62e 62d
K	fc1b	62e 645
K	fc1c	633 62c
K	fc1d	633 62d
K	fc1e	633 62e
K	fc1f	633 645
K	fc20	635 62d
K	fc21	635 645
K	fc22	636 62c
K	fc23	636 62d
K	fc24	636 62e
K	fc25	636 645
K	fc26	637 62d
K	fc27	637 645
K	fc28	638 645
K	fc29	639 62c
K	fc2a	639 645
K	fc2b	63a 62c
K	fc2c	63a 645
K	fc2d	641 62c
K	fc2e	641 62d
K	fc2f	641 62e
K	fc30	641 645
K	fc31	641 649
K	fc32	641 64a
K	fc33	642 62d
K	fc34	642 645
K	fc35	642 649
K	fc36	642 64a
K	fc37	643 627
K	fc38	643 62c
K	fc39	643 62d
K	fc3a	643 62e
K	fc3b	643 644
K	fc3c	643 645
K	fc3d	643 649
K	fc3e	643 64a
K	fc3f	644 62c
K	fc40	644 62d
K	fc41	644 62e
K	fc42	644 645
K	fc43	644 649
K	fc44	644 64a
K	fc45	645 62c
K	fc46	645 62d
K	fc47	645 62e
K	fc48	645 645
K	fc49	645 649
K	fc4a	645 64a
K	fc4b	646 62c
K	fc4c	646 62d
K	fc4d	646 62e
K	fc4e	646 645
K	fc4f	646 649
K	fc50	646 64a
K	fc51	647 62c
K	fc52	647 645
K	fc53	647 649
K	fc54	647 64a
K	fc55	64a 62c
K	fc56	64a 62d
K	fc57	64a 62e
K	fc58	64a 645
K	fc59	64a 649
K	fc5a	64a 64a
K	fc5b	630 670
K	fc5c	631 670
K	fc5d	649 670
K	fc5e	20 64c 651
K	fc5f	20 64d 651
K	fc60	20 64e 651
K	fc61	20 64f 651
K	fc62	20 650 651
K	fc63	20 651 670
K	fc64	64a 654 631
K	fc65	64a 654 632
K	fc66	64a 654 645
K	fc67	64a 654 646
K	fc68	64a 654 649
K	fc69	64a 654 64a
K	fc6a	628 631
K	fc6b	628 632
K	fc6c	628 645
K	fc6d	628 646
K	fc6e	628 649
K	fc6f	628 64a
K	fc70	62a 631
K	fc71	62a 632
K	fc72	62a 645
K	fc73	62a 646
K	fc74	62a 649
K	fc75	62a 64a
K	fc76	62b 631
K	fc77	62b 632
K	fc78	62b 645
K	fc79	62b 646
K	fc7a	62b 649
K	fc7b	62b 64a
K	fc7c	641 649
K	fc7d	641 64a
K	fc7e	642 649
K	fc7f	642 64a
K	fc80	643 627
K	fc81	643 644
K	fc82	643 645
K	fc83	643 649
K	fc84	643 64a
K	fc85	644 645
K	fc86	644 649
K	fc87	644 64a
K	fc88	645 627
K	fc89	645 645
K	fc8a	646 631
K	fc8b	646 632
K	fc8c	646 645
K	fc8d	646 646
K	fc8e	646 649
K	fc8f	646 64a
K	fc90	649 670
K	fc91	64a 631
K	fc92	64a 632
K	fc93	64a 645
K	fc94	64a 646
K	fc95	64a 649
K	fc96	64a 64a
K	fc97	64a 654 62c
K	fc98	64a 654 62d
K	fc99	64a 654 62e
K	fc9a	64a 654 645
K	fc9b	64a 654 647
K	fc9c	628 62c
K	fc9d	628 62d
K	fc9e	628 62e
K	fc9f	628 645
K	fca0	628 647
K	fca1	62a 62c
K	fca2	62a 62d
K	fca3	62a 62e
K	fca4	62a 645
K	fca5	62a 647
K	fca6	62b 645
K	fca7	62c 62d
K	fca8	62c 645
K	fca9	62d 62c
K	fcaa	62d 645
K	fcab	62e 62c
K	fcac	62e 645
K	fcad	633 62c
K	fcae	633 62d
K	fcaf	633 62e
K	fcb0	633 645
K	fcb1	635 62d
K	fcb2	635 62e
K	fcb3	635 645
K	fcb4	636 62c
K	fcb5	636 62d
K	fcb6	636 62e
K	fcb7	636 645
K	fcb8	637 62d
K	fcb9	638 645
K	fcba	639 62c
K	fcbb	639 645
K	fcbc	63a 62c
K	fcbd	63a 645
K	fcbe	641 62c
K	fcbf	641 62d
K	fcc0	641 62e
K	fcc1	641 645
K	fcc2	642 62d
K	fcc3	642 645
K	fcc4	643 62c
K	fcc5	643 62d
K	fcc6	643 62e
K	fcc7	643 644
K	fcc8	643 645
K	fcc9	644 62c
K	fcca	644 62d
K	fccb	644 62e
K	fccc	644 645
K	fccd	644 647
K	fcce	645 62c
K	fccf	645 62d
K	fcd0	645 62e
K	fcd1	645 645
K	fcd2	646 62c
K	fcd3	646 62d
K	fcd4	646 62e
K	fcd5	646 645
K	fcd6	646 647
K	fcd7	647 62c
K	fcd8	647 645
K	fcd9	647 670
K	fcda	64a 62c
K	fcdb	64a 62d
K	fcdc	64a 62e
K	fcdd	64a 645
K	fcde	64a 647
K	fcdf	64a 654 645
K	fce0	64a 654 647
K	fce1	628 645
K	fce2	628 647
K	fce3	62a 645
K	fce4	62a 647
K	fce5	62b 645
K	fce6	62b 647
K	fce7	633 645
K	fce8	633 647
K	fce9	634 645
K	fcea	634 647
K	fceb	643 644
K	fcec	643 645
K	fced	644 645
K	fcee	646 645
K	fcef	646 647
K	fcf0	64a 645
K	fcf1	64a 647
K	fcf2	640 64e 651
K	fcf3	640 64f 651
K	fcf4	640 650 651
K	fcf5	637 649
K	fcf6	637 64a
K	fcf7	639 649
K	fcf8	639 64a
K	fcf9	63a 649
K	fcfa	63a 64a
K	fcfb	633 649
K	fcfc	633 64a
K	fcfd	634 649
K	fcfe	634 64a
K	fcff	62d 649
K	fd00	62d 64a
K	fd01	62c 649
K	fd02	62c 64a
K	fd03	62e 649
K	fd04	62e 64a
K	fd05	635 649
K	fd06	635 64a
K	fd07	636 649
K	fd08	636 64a
K	fd09	634 62c
K	fd0a	634 62d
K	fd0b	634 62e
K	fd0c	634 645
K	fd0d	634 631
K	fd0e	633 631
K	fd0f	635 631
K	fd10	636 631
K	fd11	637 649
K	fd12	637 64a
K	fd13	639 649
K	fd14	639 64a
K	fd15	63a 649
K	fd16	63a 64a
K	fd17	633 649
K	fd18	633 64a
K	fd19	634 649
K	fd1a	634 64a
K	fd1b	62d 649
K	fd1c	62d 64a
K	fd1d	62c 649
K	fd1e	62c 64a
K	fd1f	62e 649
K	fd20	62e 64a
K	fd21	635 649
K	fd22	635 64a
K	fd23	636 649
K	fd24	636 64a
K	fd25	634 62c
K	fd26	634 62d
K	fd27	634 62e
K	fd28	634 645
K	fd29	634 631
K	fd2a	633 631
K	fd2b	635 631
K	fd2c	636 631
K	fd2d	634 62c
K	fd2e	634 62d
K	fd2f	634 62e
K	fd30	634 645
K	fd31	633 647
K	fd32	634 647
K	fd33	637 645
K	fd34	633 62c
K	fd35	633 62d
K	fd36	633 62e
K	fd37	634 62c
K	fd38	634 62d
K	fd39	634 62e
K	fd3a	637 645
K	fd3b	638 645
K	fd3c	627 64b
K	fd3d	627 64b
K	fd50	62a 62c 645
K	fd51	62a 62d 62c
K	fd52	62a 62d 62c
K	fd53	62a 62d 645
K	fd54	62a 62e 645
K	fd55	62a 645 62c
K	fd56	62a 645 62d
K	fd57	62a 645 62e
K	fd58	62c 645 62d
K	fd59	62c 645 62d
K	fd5a	62d 645 64a
K	fd5b	62d 645 649
K	fd5c	633 62d 62c
K	fd5d	633 62c 62d
K	fd5e	633 62c 649
K	fd5f	633 645 62d
K	fd60	633 645 62d
K	fd61	633 645 62c
K	fd62	633 645 645
K	fd63	633 645 645
K	fd64	635 62d 62d
K	fd65	635 62d 62d
K	fd66	635 645 645
K	fd67	634 62d 645
K	fd68	634 62d 645
K	fd69	634 62c 64a
K	fd6a	634 645 62e
K	fd6b	634 645 62e
K	fd6c	634 645 645
K	fd6d	634 645 645
K	fd6e	636 62d 649
K	fd6f	636 62e 645
K	fd70	636 62e 645
K	fd71	637 645 62d
K	fd72	637 645 62d
K	fd73	637 645 645
K	fd74	637 645 64a
K	fd75	639 62c 645
K	fd76	639 645 645
K	fd77	639 645 645
K	fd78	639 645 649
K	fd79	63a 645 645
K	fd7a	63a 645 64a
K	fd7b	63a 645 649
K	fd7c	641 62e 645
K	fd7d	641 62e 645
K	fd7e	642 645 62d
K	fd7f	642 645 645
K	fd80	644 62d 645
K	fd81	644 62d 64a
K	fd82	644 62d 649
K	fd83	644 62c 62c
K	fd84	644 62c 62c
K	fd85	644 62e 645
K	fd86	644 62e 645
K	fd87	644 645 62d
K	fd88	644 645 62d
K	fd89	645 62d 62c
K	fd8a	645 62d 645
K	fd8b	645 62d 64a
K	fd8c	645 62c 62d
K	fd8d	645 62c 645
K	fd8e	645 62e 62c
K	fd8f	645 62e 645
K	fd92	645 62c 62e
K	fd93	647 645 62c
K	fd94	647 645 645
K	fd95	646 62d 645
K	fd96	646 62d 649
K	fd97	646 62c 645
K	fd98	646 62c 645
K	fd99	646 62c 649
K	fd9a	646 645 64a
K	fd9b	646 645 649
K	fd9c	64a 645 645
K	fd9d	64a 645 645
K	fd9e	628 62e 64a
K	fd9f	62a 62c 64a
K	fda0	62a 62c 649
K	fda1	62a 62e 64a
K	fda2	62a 62e 649
K	fda3	62a 645 64a
K	fda4	62a 645 649
K	fda5	62c 645 64a
K	fda6	62c 62d 649
K	fda7	62c 645 649
K	fda8	633 62e 649
K	fda9	635 62d 64a
K	fdaa	634 62d 64a
K	fdab	636 62d 64a
K	fdac	644 62c 64a
K	fdad	644 645 64a
K	fdae	64a 62d 64a
K	fdaf	64a 62c 64a
K	fdb0	64a 645 64a
K	fdb1	645 645 64a
K	fdb2	642 645 64a
K	fdb3	646 62d 64a
K	fdb4	642 645 62d
K	fdb5	644 62d 645
K	fdb6	639 645 64a
K	fdb7	643 645 64a
K	fdb8	646 62c 62d
K	fdb9	645 62e 64a
K	fdba	644 62c 645
K	fdbb	643 645 645
K	fdbc	644 62c 645
K	fdbd	646 62c 62d
K	fdbe	62c 62d 64a
K	fdbf	62d 62c 64a
K	fdc0	645 62c 64a
K	fdc1	641 645 64a
K	fdc2	628 62d 64a
K	fdc3	643 645 645
K	fdc4	639 62c 645
K	fdc5	635 645 645
K	fdc6	633 62e 64a
K	fdc7	646 62c 64a
K	fdf0	635 644 6d2
K	fdf1	642 644 6d2
K	fdf2	627 644 644 647
K	fdf3	627 643 628 631
K	fdf4	645 62d 645 62f
K	fdf5	635 644 639 645
K	fdf6	631 633 648 644
K	fdf7	639 644 64a 647
K	fdf8	648 633 644 645
K	fdf9	635 644 649
K	fdfa	635 644 649 20 627 644 644 647 20 639 644 64a 647 20 648 633 644 645
K	fdfb	62c 644 20 62c 644 627 644 647
K	fdfc	631 6cc 627 644
K	fe10	2c
K	fe11	3001
K	fe12	3002
K	fe13	3a
K	fe14	3b
K	fe15	21
K	fe16	3f
K	fe17	3016
K	fe18	3017
K	fe19	2e 2e 2e
C	fe20	230
C	fe21	230
C	fe22	230
C	fe23	230
C	fe24	230
C	fe25	230
C	fe26	230
C	fe27	220
C	fe28	220
C	fe29	220
C	fe2a	220
C	fe2b	220
C	fe2c	220
C	fe2d	220
C	fe2e	230
C	fe2f	230
K	fe30	2e 2e
K	fe31	2014
K	fe32	2013
K	fe33	5f
K	fe34	5f
K	fe35	28
K	fe36	29
K	fe37	7b
K	fe38	7d
K	fe39	3014
K	fe3a	3015
K	fe3b	3010
K	fe3c	3011
K	fe3d	300a
K	fe3e	300b
K	fe3f	3008
K	fe40	3009
K	fe41	300c
K	fe42	300d
K	fe43	300e
K	fe44	300f
K	fe47	5b
K	fe48	5d
K	fe49	20 305
K	fe4a	20 305
K	fe4b	20 305
K	fe4c	20 305
K	fe4d	5f
K	fe4e	5f
K	fe4f	5f
K	fe50	2c
K	fe51	3001
K	fe52	2e
K	fe54	3b
K	fe55	3a
K	fe56	3f
K	fe57	21
K	fe58	2014
K	fe59	28
K	fe5a	29
K	fe5b	7b
K	fe5c	7d
K	fe5d	3014
K	fe5e	3015
K	fe5f	23
K	fe60	26
K	fe61	2a
K	fe62	2b
K	fe63	2d
K	fe64	3c
K	fe65	3e
K	fe66	3d
K	fe68	5c
K	fe69	24
K	fe6a	25
K	fe6b	40
K	fe70	20 64b
K	fe71	640 64b
K	fe72	20 64c
K	fe74	20 64d
K	fe76	20 64e
K	fe77	640 64e
K	fe78	20 64f
K	fe79	640 64f
K	fe7a	20 650
K	fe7b	640 650
K	fe7c	20 651
K	fe7d	640 651
K	fe7e	20 652
K	fe7f	640 652
K	fe80	621
K	fe81	627 653
K	fe82	627 653
K	fe83	627 654
K	fe84	627 654
K	fe85	648 654
K	fe86	648 654
K	fe87	627 655
K	fe88	627 655
K	fe89	64a 654
K	fe8a	64a 654
K	fe8b	64a 654
K	fe8c	64a 654
K	fe8d	627
K	fe8e	627
K	fe8f	628
K	fe90	628
K	fe91	628
K	fe92	628
K	fe93	629
K	fe94	629
K	fe95	62a
K	fe96	62a
K	fe97	62a
K	fe98	62a
K	fe99	62b
K	fe9a	62b
K	fe9b	62b
K	fe9c	62b
K	fe9d	62c
K	fe9e	62c
K	fe9f	62c
K	fea0	62c
K	fea1	62d
K	fea2	62d
K	fea3	62d
K	fea4	62d
K	fea5	62e
K	fea6	62e
K	fea7	62e
K	fea8	62e
K	fea9	62f
K	feaa	62f
K	feab	630
K	feac	630
K	fead	631
K	feae	631
K	feaf	632
K	feb0	632
K	feb1	633
K	feb2	633
K	feb3	633
K	feb4	633
K	feb5	634
K	feb6	634
K	feb7	634
K	feb8	634
K	feb9	635
K	feba	635
K	febb	635
K	febc	635
K	febd	636
K	febe	636
K	febf	636
K	fec0	636
K	fec1	637
K	fec2	637
K	fec3	637
K	fec4	637
K	fec5	638
K	fec6	638
K	fec7	638
K	fec8	638
K	fec9	639
K	feca	639
K	fecb	639
K	fecc	639
K	fecd	63a
K	fece	63a
K	fecf	63a
K	fed0	63a
K	fed1	641
K	fed2	641
K	fed3	641
K	fed4	641
K	fed5	642
K	fed6	642
K	fed7	642
K	fed8	642
K	fed9	643
K	feda	643
K	fedb	643
K	fedc	643
K	fedd	644
K	fede	644
K	fedf	644
K	fee0	644
K	fee1	645
K	fee2	645
K	fee3	645
K	fee4	645
K	fee5	646
K	fee6	646
K	fee7	646
K	fee8	646
K	fee9	647
K	feea	647
K	feeb	647
K	feec	647
K	feed	648
K	feee	648
K	feef	649
K	fef0	649
K	fef1	64a
K	fef2	64a
K	fef3	64a
K	fef4	64a
K	fef5	644 627 653
K	fef6	644 627 653
K	fef7	644 627 654
K	fef8	644 627 654
K	fef9	644 627 655
K	fefa	644 627 655
K	fefb	644 627
K	fefc	644 627
K	ff01	21
K	ff02	22
K	ff03	23
K	ff04	24
K	ff05	25
K	ff06	26
K	ff07	27
K	ff08	28
K	ff09	29
K	ff0a	2a
K	ff0b	2b
K	ff0c	2c
K	ff0d	2d
K	ff0e	2e
K	ff0f	2f
K	ff10	30
K	ff11	31
K	ff12	32
K	ff13	33
K	ff14	34
K	ff15	35
K	ff16	36
K	ff17	37
K	ff18	38
K	ff19	39
K	ff1a	3a
K	ff1b	3b
K	ff1c	3c
K	ff1d	3d
K	ff1e	3e
K	ff1f	3f
K	ff20	40
K	ff21	41
K	ff22	42
K	ff23	43
K	ff24	44
K	ff25	45
K	ff26	46
K	ff27	47
K	ff28	48
K	ff29	49
K	ff2a	4a
K	ff2b	4b
K	ff2c	4c
K	ff2d	4d
K	ff2e	4e
K	ff2f	4f
K	ff30	50
K	ff31	51
K	ff32	52
K	ff33	53
K	ff34	54
K	ff35	55
K	ff36	56
K	ff37	57
K	ff38	58
K	ff39	59
K	ff3a	5a
K	ff3b	5b
K	ff3c	5c
K	ff3d	5d
K	ff3e	5e
K	ff3f	5f
K	ff40	60
K	ff41	61
K	ff42	62
K	ff43	63
K	ff44	64
K	ff45	65
K	ff46	66
K	ff47	67
K	ff48	68
K	ff49	69
K	ff4a	6a
K	ff4b	6b
K	ff4c	6c
K	ff4d	6d
K	ff4e	6e
K	ff4f	6f
K	ff50	70
K	ff51	71
K	ff52	72
K	ff53	73
K	ff54	74
K	ff55	75
K	ff56	76
K	ff57	77
K	ff58	78
K	ff59	79
K	ff5a	7a
K	ff5b	7b
K	ff5c	7c
K	ff5d	7d
K	ff5e	7e
K	ff5f	2985
K	ff60	2986
K	ff61	3002
K	ff62	300c
K	ff63	300d
K	ff64	3001
K	ff65	30fb
K	ff66	30f2
K	ff67	30a1
K	ff68	30a3
K	ff69	30a5
K	ff6a	30a7
K	ff6b	30a9
K	ff6c	30e3
K	ff6d	30e5
K	ff6e	30e7
K	ff6f	30c3
K	ff70	30fc
K	ff71	30a2
K	ff72	30a4
K	ff73	30a6
K	ff74	30a8
K	ff75	30aa
K	ff76	30ab
K	ff77	30ad
K	ff78	30af
K	ff79	30b1
K	ff7a	30b3
K	ff7b	30b5
K	ff7c	30b7
K	ff7d	30b9
K	ff7e	30bb
K	ff7f	30bd
K	ff80	30bf
K	ff81	30c1
K	ff82	30c4
K	ff83	30c6
K	ff84	30c8
K	ff85	30ca
K	ff86	30cb
K	ff87	30cc
K	ff88	30cd
K	ff89	30ce
K	ff8a	30cf
K	ff8b	30d2
K	ff8c	30d5
K	ff8d	30d8
K	ff8e	30db
K	ff8f	30de
K	ff90	30df
K	ff91	30e0
K	ff92	30e1
K	ff93	30e2
K	ff94	30e4
K	ff95	30e6
K	ff96	30e8
K	ff97	30e9
K	ff98	30ea
K	ff99	30eb
K	ff9a	30ec
K	ff9b	30ed
K	ff9c	30ef
K	ff9d	30f3
K	ff9e	3099
K	ff9f	309a
K	ffa0	1160
K	ffa1	1100
K	ffa2	1101
K	ffa3	11aa
K	ffa4	1102
K	ffa5	11ac
K	ffa6	11ad
K	ffa7	1103
K	ffa8	1104
K	ffa9	1105
K	ffaa	11b0
K	ffab	11b1
K	ffac	11b2
K	ffad	11b3
K	ffae	11b4
K	ffaf	11b5
K	ffb0	111a
K	ffb1	1106
K	ffb2	1107
K	ffb3	1108
K	ffb4	1121
K	ffb5	1109
K	ffb6	110a
K	ffb7	110b
K	ffb8	110c
K	ffb9	110d
K	ffba	110e
K	ffbb	110f
K	ffbc	1110
K	ffbd	1111
K	ffbe	1112
K	ffc2	1161
K	ffc3	1162
K	ffc4	1163
K	ffc5	1164
K	ffc6	1165
K	ffc7	1166
K	ffca	1167
K	ffcb	1168
K	ffcc	1169
K	ffcd	116a
K	ffce	116b
K	ffcf	116c
K	ffd2	116d
K	ffd3	116e
K	ffd4	116f
K	ffd5	1170
K	ffd6	1171
K	ffd7	1172
K	ffda	1173
K	ffdb	1174
K	ffdc	1175
K	ffe0	a2
K	ffe1	a3
K	ffe2	ac
K	ffe3	20 304
K	ffe4	a6
K	ffe5	a5
K	ffe6	20a9
K	ffe8	2502
K	ffe9	2190
K	ffea	2191
K	ffeb	2192
K	ffec	2193
K	ffed	25a0
K	ffee	25cb
C	101fd	220
C	102e0	220
C	10376	230
C	10377	230
C	10378	230
C	10379	230
C	1037a	230
D	105c9	105d2 307
P	105d2	307	105c9
D	105e4	105da 307
P	105da	307	105e4
K	10781	2d0
K	10782	2d1
K	10783	e6
K	10784	299
K	10785	253
K	10787	2a3
K	10788	ab66
K	10789	2a5
K	1078a	2a4
K	1078b	256
K	1078c	257
K	1078d	1d91
K	1078e	258
K	1078f	25e
K	10790	2a9
K	10791	264
K	10792	262
K	10793	260
K	10794	29b
K	10795	127
K	10796	29c
K	10797	267
K	10798	284
K	10799	2aa
K	1079a	2ab
K	1079b	26c
K	1079c	1df04
K	1079d	a78e
K	1079e	26e
K	1079f	1df05
K	107a0	28e
K	107a1	1df06
K	107a2	f8
K	107a3	276
K	107a4	277
K	107a5	71
K	107a6	27a
K	107a7	1df08
K	107a8	27d
K	107a9	27e
K	107aa	280
K	107ab	2a8
K	107ac	2a6
K	107ad	ab67
K	107ae	2a7
K	107af	288
K	107b0	2c71
K	107b2	28f
K	107b3	2a1
K	107b4	2a2
K	107b5	298
K	107b6	1c0
K	107b7	1c1
K	107b8	1c2
K	107b9	1df0a
K	107ba	1df1e
C	10a0d	220
C	10a0f	230
C	10a38	230
C	10a39	1
C	10a3a	220
C	10a3f	9
C	10ae5	230
C	10ae6	220
C	10d24	230
C	10d25	230
C	10d26	230
C	10d27	230
C	10d69	230
C	10d6a	230
C	10d6b	230
C	10d6c	230
C	10d6d	230
C	10eab	230
C	10eac	230
C	10efd	220
C	10efe	220
C	10eff	220
C	10f46	220
C	10f47	220
C	10f48	230
C	10f49	230
C	10f4a	230
C	10f4b	220
C	10f4c	230
C	10f4d	220
C	10f4e	220
C	10f4f	220
C	10f50	220
C	10f82	230
C	10f83	220
C	10f84	230
C	10f85	220
C	11046	9
C	11070	9
C	1107f	9
D	1109a	11099 110ba
P	11099	110ba	1109a
D	1109c	1109b 110ba
P	1109b	110ba	1109c
D	110ab	110a5 110ba
P	110a5	110ba	110ab
C	110b9	9
C	110ba	7
C	11100	230
C	11101	230
C	11102	230
D	1112e	11131 11127
P	11131	11127	1112e
D	1112f	11132 11127
P	11132	11127	1112f
C	11133	9
C	11134	9
C	11173	7
C	111c0	9
C	111ca	7
C	11235	9
C	11236	7
C	112e9	7
C	112ea	9
C	1133b	7
C	1133c	7
D	1134b	11347 1133e
P	11347	1133e	1134b
D	1134c	11347 11357
P	11347	11357	1134c
C	1134d	9
C	11366	230
C	11367	230
C	11368	230
C	11369	230
C	1136a	230
C	1136b	230
C	1136c	230
C	11370	230
C	11371	230
C	11372	230
C	11373	230
C	11374	230
D	11383	11382 113c9
P	11382	113c9	11383
D	11385	11384 113bb
P	11384	113bb	11385
D	1138e	1138b 113c2
P	1138b	113c2	1138e
D	11391	11390 113c9
P	11390	113c9	11391
D	113c5	113c2 113c2
P	113c2	113c2	113c5
D	113c7	113c2 113b8
P	113c2	113b8	113c7
D	113c8	113c2 113c9
P	113c2	113c9	113c8
C	113ce	9
C	113cf	9
C	113d0	9
C	11442	9
C	11446	7
C	1145e	230
D	114bb	114b9 114ba
P	114b9	114ba	114bb
D	114bc	114b9 114b0
P	114b9	114b0	114bc
D	114be	114b9 114bd
P	114b9	114bd	114be
C	114c2	9
C	114c3	7
D	115ba	115b8 115af
P	115b8	115af	115ba
D	115bb	115b9 115af
P	115b9	115af	115bb
C	115bf	9
C	115c0	7
C	1163f	9
C	116b6	9
C	116b7	7
C	1172b	9
C	11839	9
C	1183a	7
D	11938	11935 11930
P	11935	11930	11938
C	1193d	9
C	1193e	9
C	11943	7
C	119e0	9
C	11a34	9
C	11a47	9
C	11a99	9
C	11c3f	9
C	11d42	7
C	11d44	9
C	11d45	9
C	11d97	9
C	11f41	9
C	11f42	9
D	16121	1611e 1611e
P	1611e	1611e	16121
D	16122	1611e 16129
P	1611e	16129	16122
D	16123	1611e 1611f
P	1611e	1611f	16123
D	16124	16129 1611f
P	16129	1611f	16124
D	16125	1611e 16120
P	1611e	16120	16125
D	16126	1611e 1611e 1611f
P	16121	1611f	16126
D	16127	1611e 16129 1611f
P	16122	1611f	16127
D	16128	1611e 1611e 16120
P	16121	16120	16128
C	1612f	9
C	16af0	1
C	16af1	1
C	16af2	1
C	16af3	1
C	16af4	1
C	16b30	230
C	16b31	230
C	16b32	230
C	16b33	230
C	16b34	230
C	16b35	230
C	16b36	230
D	16d68	16d67 16d67
P	16d67	16d67	16d68
D	16d69	16d63 16d67
P	16d63	16d67	16d69
D	16d6a	16d63 16d67 16d67
P	16d69	16d67	16d6a
C	16ff0	6
C	16ff1	6
C	1bc9e	1
K	1ccd6	41
K	1ccd7	42
K	1ccd8	43
K	1ccd9	44
K	1ccda	45
K	1ccdb	46
K	1ccdc	47
K	1ccdd	48
K	1ccde	49
K	1ccdf	4a
K	1cce0	4b
K	1cce1	4c
K	1cce2	4d
K	1cce3	4e
K	1cce4	4f
K	1cce5	50
K	1cce6	51
K	1cce7	52
K	1cce8	53
K	1cce9	54
K	1ccea	55
K	1cceb	56
K	1ccec	57
K	1cced	58
K	1ccee	59
K	1ccef	5a
K	1ccf0	30
K	1ccf1	31
K	1ccf2	32
K	1ccf3	33
K	1ccf4	34
K	1ccf5	35
K	1ccf6	36
K	1ccf7	37
K	1ccf8	38
K	1ccf9	39
D	1d15e	1d157 1d165
D	1d15f	1d158 1d165
D	1d160	1d158 1d165 1d16e
D	1d161	1d158 1d165 1d16f
D	1d162	1d158 1d165 1d170
D	1d163	1d158 1d165 1d171
D	1d164	1d158 1d165 1d172
C	1d165	216
C	1d166	216
C	1d167	1
C	1d168	1
C	1d169	1
C	1d16d	226
C	1d16e	216
C	1d16f	216
C	1d170	216
C	1d171	216
C	1d172	216
C	1d17b	220
C	1d17c	220
C	1d17d	220
C	1d17e	220
C	1d17f	220
C	1d180	220
C	1d181	220
C	1d182	220
C	1d185	230
C	1d186	230
C	1d187	230
C	1d188	230
C	1d189	230
C	1d18a	220
C	1d18b	220
C	1d1aa	230
C	1d1ab	230
C	1d1ac	230
C	1d1ad	230
D	1d1bb	1d1b9 1d165
D	1d1bc	1d1ba 1d165
D	1d1bd	1d1b9 1d165 1d16e
D	1d1be	1d1ba 1d165 1d16e
D	1d1bf	1d1b9 1d165 1d16f
D	1d1c0	1d1ba 1d165 1d16f
C	1d242	230
C	1d243	230
C	1d244	230
K	1d400	41
K	1d401	42
K	1d402	43
K	1d403	44
K	1d404	45
K	1d405	46
K	1d406	47
K	1d407	48
K	1d408	49
K	1d409	4a
K	1d40a	4b
K	1d40b	4c
K	1d40c	4d
K	1d40d	4e
K	1d40e	4f
K	1d40f	50
K	1d410	51
K	1d411	52
K	1d412	53
K	1d413	54
K	1d414	55
K	1d415	56
K	1d416	57
K	1d417	58
K	1d418	59
K	1d419	5a
K	1d41a	61
K	1d41b	62
K	1d41c	63
K	1d41d	64
K	1d41e	65
K	1d41f	66
K	1d420	67
K	1d421	68
K	1d422	69
K	1d423	6a
K	1d424	6b
K	1d425	6c
K	1d426	6d
K	1d427	6e
K	1d428	6f
K	1d429	70
K	1d42a	71
K	1d42b	72
K	1d42c	73
K	1d42d	74
K	1d42e	75
K	1d42f	76
K	1d430	77
K	1d431	78
K	1d432	79
K	1d433	7a
K	1d434	41
K	1d435	42
K	1d436	43
K	1d437	44
K	1d438	45
K	1d439	46
K	1d43a	47
K	1d43b	48
K	1d43c	49
K	1d43d	4a
K	1d43e	4b
K	1d43f	4c
K	1d440	4d
K	1d441	4e
K	1d442	4f
K	1d443	50
K	1d444	51
K	1d445	52
K	1d446	53
K	1d447	54
K	1d448	55
K	1d449	56
K	1d44a	57
K	1d44b	58
K	1d44c	59
K	1d44d	5a
K	1d44e	61
K	1d44f	62
K	1d450	63
K	1d451	64
K	1d452	65
K	1d453	66
K	1d454	67
K	1d456	69
K	1d457	6a
K	1d458	6b
K	1d459	6c
K	1d45a	6d
K	1d45b	6e
K	1d45c	6f
K	1d45d	70
K	1d45e	71
K	1d45f	72
K	1d460	73
K	1d461	74
K	1d462	75
K	1d463	76
K	1d464	77
K	1d465	78
K	1d466	79
K	1d467	7a
K	1d468	41
K	1d469	42
K	1d46a	43
K	1d46b	44
K	1d46c	45
K	1d46d	46
K	1d46e	47
K	1d46f	48
K	1d470	49
K	1d471	4a
K	1d472	4b
K	1d473	4c
K	1d474	4d
K	1d475	4e
K	1d476	4f
K	1d477	50
K	1d478	51
K	1d479	52
K	1d47a	53
K	1d47b	54
K	1d47c	55
K	1d47d	56
K	1d47e	57
K	1d47f	58
K	1d480	59
K	1d481	5a
K	1d482	61
K	1d483	62
K	1d484	63
K	1d485	64
K	1d486	65
K	1d487	66
K	1d488	67
K	1d489	68
K	1d48a	69
K	1d48b	6a
K	1d48c	6b
K	1d48d	6c
K	1d48e	6d
K	1d48f	6e
K	1d490	6f
K	1d491	70
K	1d492	71
K	1d493	72
K	1d494	73
K	1d495	74
K	1d496	75
K	1d497	76
K	1d498	77
K	1d499	78
K	1d49a	79
K	1d49b	7a
K	1d49c	41
K	1d49e	43
K	1d49f	44
K	1d4a2	47
K	1d4a5	4a
K	1d4a6	4b
K	1d4a9	4e
K	1d4aa	4f
K	1d4ab	50
K	1d4ac	51
K	1d4ae	53
K	1d4af	54
K	1d4b0	55
K	1d4b1	56
K	1d4b2	57
K	1d4b3	58
K	1d4b4	59
K	1d4b5	5a
K	1d4b6	61
K	1d4b7	62
K	1d4b8	63
K	1d4b9	64
K	1d4bb	66
K	1d4bd	68
K	1d4be	69
K	1d4bf	6a
K	1d4c0	6b
K	1d4c1	6c
K	1d4c2	6d
K	1d4c3	6e
K	1d4c5	70
K	1d4c6	71
K	1d4c7	72
K	1d4c8	73
K	1d4c9	74
K	1d4ca	75
K	1d4cb	76
K	1d4cc	77
K	1d4cd	78
K	1d4ce	79
K	1d4cf	7a
K	1d4d0	41
K	1d4d1	42
K	1d4d2	43
K	1d4d3	44
K	1d4d4	45
K	1d4d5	46
K	1d4d6	47
K	1d4d7	48
K	1d4d8	49
K	1d4d9	4a
K	1d4da	4b
K	1d4db	4c
K	1d4dc	4d
K	1d4dd	4e
K	1d4de	4f
K	1d4df	50
K	1d4e0	51
K	1d4e1	52
K	1d4e2	53
K	1d4e3	54
K	1d4e4	55
K	1d4e5	56
K	1d4e6	57
K	1d4e7	58
K	1d4e8	59
K	1d4e9	5a
K	1d4ea	61
K	1d4eb	62
K	1d4ec	63
K	1d4ed	64
K	1d4ee	65
K	1d4ef	66
K	1d4f0	67
K	1d4f1	68
K	1d4f2	69
K	1d4f3	6a
K	1d4f4	6b
K	1d4f5	6c
K	1d4f6	6d
K	1d4f7	6e
K	1d4f8	6f
K	1d4f9	70
K	1d4fa	71
K	1d4fb	72
K	1d4fc	73
K	1d4fd	74
K	1d4fe	75
K	1d4ff	76
K	1d500	77
K	1d501	78
K	1d502	79
K	1d503	7a
K	1d504	41
K	1d505	42
K	1d507	44
K	1d508	45
K	1d509	46
K	1d50a	47
K	1d50d	4a
K	1d50e	4b
K	1d50f	4c
K	1d510	4d
K	1d511	4e
K	1d512	4f
K	1d513	50
K	1d514	51
K	1d516	53
K	1d517	54
K	1d518	55
K	1d519	56
K	1d51a	57
K	1d51b	58
K	1d51c	59
K	1d51e	61
K	1d51f	62
K	1d520	63
K	1d521	64
K	1d522	65
K	1d523	66
K	1d524	67
K	1d525	68
K	1d526	69
K	1d527	6a
K	1d528	6b
K	1d529	6c
K	1d52a	6d
K	1d52b	6e
K	1d52c	6f
K	1d52d	70
K	1d52e	71
K	1d52f	72
K	1d530	73
K	1d531	74
K	1d532	75
K	1d533	76
K	1d534	77
K	1d535	78
K	1d536	79
K	1d537	7a
K	1d538	41
K	1d539	42
K	1d53b	44
K	1d53c	45
K	1d53d	46
K	1d53e	47
K	1d540	49
K	1d541	4a
K	1d542	4b
K	1d543	4c
K	1d544	4d
K	1d546	4f
K	1d54a	53
K	1d54b	54
K	1d54c	55
K	1d54d	56
K	1d54e	57
K	1d54f	58
K	1d550	59
K	1d552	61
K	1d553	62
K	1d554	63
K	1d555	64
K	1d556	65
K	1d557	66
K	1d558	67
K	1d559	68
K	1d55a	69
K	1d55b	6a
K	1d55c	6b
K	1d55d	6c
K	1d55e	6d
K	1d55f	6e
K	1d560	6f
K	1d561	70
K	1d562	71
K	1d563	72
K	1d564	73
K	1d565	74
K	1d566	75
K	1d567	76
K	1d568	77
K	1d569	78
K	1d56a	79
K	1d56b	7a
K	1d56c	41
K	1d56d	42
K	1d56e	43
K	1d56f	44
K	1d570	45
K	1d571	46
K	1d572	47
K	1d573	48
K	1d574	49
K	1d575	4a
K	1d576	4b
K	1d577	4c
K	1d578	4d
K	1d579	4e
K	1d57a	4f
K	1d57b	50
K	1d57c	51
K	1d57d	52
K	1d57e	53
K	1d57f	54
K	1d580	55
K	1d581	56
K	1d582	57
K	1d583	58
K	1d584	59
K	1d585	5a
K	1d586	61
K	1d587	62
K	1d588	63
K	1d589	64
K	1d58a	65
K	1d58b	66
K	1d58c	67
K	1d58d	68
K	1d58e	69
K	1d58f	6a
K	1d590	6b
K	1d591	6c
K	1d592	6d
K	1d593	6e
K	1d594	6f
K	1d595	70
K	1d596	71
K	1d597	72
K	1d598	73
K	1d599	74
K	1d59a	75
K	1d59b	76
K	1d59c	77
K	1d59d	78
K	1d59e	79
K	1d59f	7a
K	1d5a0	41
K	1d5a1	42
K	1d5a2	43
K	1d5a3	44
K	1d5a4	45
K	1d5a5	46
K	1d5a6	47
K	1d5a7	48
K	1d5a8	49
K	1d5a9	4a
K	1d5aa	4b
K	1d5ab	4c
K	1d5ac	4d
K	1d5ad	4e
K	1d5ae	4f
K	1d5af	50
K	1d5b0	51
K	1d5b1	52
K	1d5b2	53
K	1d5b3	54
K	1d5b4	55
K	1d5b5	56
K	1d5b6	57
K	1d5b7	58
K	1d5b8	59
K	1d5b9	5a
K	1d5ba	61
K	1d5bb	62
K	1d5bc	63
K	1d5bd	64
K	1d5be	65
K	1d5bf	66
K	1d5c0	67
K	1d5c1	68
K	1d5c2	69
K	1d5c3	6a
K	1d5c4	6b
K	1d5c5	6c
K	1d5c6	6d
K	1d5c7	6e
K	1d5c8	6f
K	1d5c9	70
K	1d5ca	71
K	1d5cb	72
K	1d5cc	73
K	1d5cd	74
K	1d5ce	75
K	1d5cf	76
K	1d5d0	77
K	1d5d1	78
K	1d5d2	79
K	1d5d3	7a
K	1d5d4	41
K	1d5d5	42
K	1d5d6	43
K	1d5d7	44
K	1d5d8	45
K	1d5d9	46
K	1d5da	47
K	1d5db	48
K	1d5dc	49
K	1d5dd	4a
K	1d5de	4b
K	1d5df	4c
K	1d5e0	4d
K	1d5e1	4e
K	1d5e2	4f
K	1d5e3	50
K	1d5e4	51
K	1d5e5	52
K	1d5e6	53
K	1d5e7	54
K	1d5e8	55
K	1d5e9	56
K	1d5ea	57
K	1d5eb	58
K	1d5ec	59
K	1d5ed	5a
K	1d5ee	61
K	1d5ef	62
K	1d5f0	63
K	1d5f1	64
K	1d5f2	65
K	1d5f3	66
K	1d5f4	67
K	1d5f5	68
K	1d5f6	69
K	1d5f7	6a
K	1d5f8	6b
K	1d5f9	6c
K	1d5fa	6d
K	1d5fb	6e
K	1d5fc	6f
K	1d5fd	70
K	1d5fe	71
K	1d5ff	72
K	1d600	73
K	1d601	74
K	1d602	75
K	1d603	76
K	1d604	77
K	1d605	78
K	1d606	79
K	1d607	7a
K	1d608	41
K	1d609	42
K	1d60a	43
K	1d60b	44
K	1d60c	45
K	1d60d	46
K	1d60e	47
K	1d60f	48
K	1d610	49
K	1d611	4a
K	1d612	4b
K	1d613	4c
K	1d614	4d
K	1d615	4e
K	1d616	4f
K	1d617	50
K	1d618	51
K	1d619	52
K	1d61a	53
K	1d61b	54
K	1d61c	55
K	1d61d	56
K	1d61e	57
K	1d61f	58
K	1d620	59
K	1d621	5a
K	1d622	61
K	1d623	62
K	1d624	63
K	1d625	64
K	1d626	65
K	1d627	66
K	1d628	67
K	1d629	68
K	1d62a	69
K	1d62b	6a
K	1d62c	6b
K	1d62d	6c
K	1d62e	6d
K	1d62f	6e
K	1d630	6f
K	1d631	70
K	1d632	71
K	1d633	72
K	1d634	73
K	1d635	74
K	1d636	75
K	1d637	76
K	1d638	77
K	1d639	78
K	1d63a	79
K	1d63b	7a
K	1d63c	41
K	1d63d	42
K	1d63e	43
K	1d63f	44
K	1d640	45
K	1d641	46
K	1d642	47
K	1d643	48
K	1d644	49
K	1d645	4a
K	1d646	4b
K	1d647	4c
K	1d648	4d
K	1d649	4e
K	1d64a	4f
K	1d64b	50
K	1d64c	51
K	1d64d	52
K	1d64e	53
K	1d64f	54
K	1d650	55
K	1d651	56
K	1d652	57
K	1d653	58
K	1d654	59
K	1d655	5a
K	1d656	61
K	1d657	62
K	1d658	63
K	1d659	64
K	1d65a	65
K	1d65b	66
K	1d65c	67
K	1d65d	68
K	1d65e	69
K	1d65f	6a
K	1d660	6b
K	1d661	6c
K	1d662	6d
K	1d663	6e
K	1d664	6f
K	1d665	70
K	1d666	71
K	1d667	72
K	1d668	73
K	1d669	74
K	1d66a	75
K	1d66b	76
K	1d66c	77
K	1d66d	78
K	1d66e	79
K	1d66f	7a
K	1d670	41
K	1d671	42
K	1d672	43
K	1d673	44
K	1d674	45
K	1d675	46
K	1d676	47
K	1d677	48
K	1d678	49
K	1d679	4a
K	1d67a	4b
K	1d67b	4c
K	1d67c	4d
K	1d67d	4e
K	1d67e	4f
K	1d67f	50
K	1d680	51
K	1d681	52
K	1d682	53
K	1d683	54
K	1d684	55
K	1d685	56
K	1d686	57
K	1d687	58
K	1d688	59
K	1d689	5a
K	1d68a	61
K	1d68b	62
K	1d68c	63
K	1d68d	64
K	1d68e	65
K	1d68f	66
K	1d690	67
K	1d691	68
K	1d692	69
K	1d693	6a
K	1d694	6b
K	1d695	6c
K	1d696	6d
K	1d697	6e
K	1d698	6f
K	1d699	70
K	1d69a	71
K	1d69b	72
K	1d69c	73
K	1d69d	74
K	1d69e	75
K	1d69f	76
K	1d6a0	77
K	1d6a1	78
K	1d6a2	79
K	1d6a3	7a
K	1d6a4	131
K	1d6a5	237
K	1d6a8	391
K	1d6a9	392
K	1d6aa	393
K	1d6ab	394
K	1d6ac	395
K	1d6ad	396
K	1d6ae	397
K	1d6af	398
K	1d6b0	399
K	1d6b1	39a
K	1d6b2	39b
K	1d6b3	39c
K	1d6b4	39d
K	1d6b5	39e
K	1d6b6	39f
K	1d6b7	3a0
K	1d6b8	3a1
K	1d6b9	398
K	1d6ba	3a3
K	1d6bb	3a4
K	1d6bc	3a5
K	1d6bd	3a6
K	1d6be	3a7
K	1d6bf	3a8
K	1d6c0	3a9
K	1d6c1	2207
K	1d6c2	3b1
K	1d6c3	3b2
K	1d6c4	3b3
K	1d6c5	3b4
K	1d6c6	3b5
K	1d6c7	3b6
K	1d6c8	3b7
K	1d6c9	3b8
K	1d6ca	3b9
K	1d6cb	3ba
K	1d6cc	3bb
K	1d6cd	3bc
K	1d6ce	3bd
K	1d6cf	3be
K	1d6d0	3bf
K	1d6d1	3c0
K	1d6d2	3c1
K	1d6d3	3c2
K	1d6d4	3c3
K	1d6d5	3c4
K	1d6d6	3c5
K	1d6d7	3c6
K	1d6d8	3c7
K	1d6d9	3c8
K	1d6da	3c9
K	1d6db	2202
K	1d6dc	3b5
K	1d6dd	3b8
K	1d6de	3ba
K	1d6df	3c6
K	1d6e0	3c1
K	1d6e1	3c0
K	1d6e2	391
K	1d6e3	392
K	1d6e4	393
K	1d6e5	394
K	1d6e6	395
K	1d6e7	396
K	1d6e8	397
K	1d6e9	398
K	1d6ea	399
K	1d6eb	39a
K	1d6ec	39b
K	1d6ed	39c
K	1d6ee	39d
K	1d6ef	39e
K	1d6f0	39f
K	1d6f1	3a0
K	1d6f2	3a1
K	1d6f3	398
K	1d6f4	3a3
K	1d6f5	3a4
K	1d6f6	3a5
K	1d6f7	3a6
K	1d6f8	3a7
K	1d6f9	3a8
K	1d6fa	3a9
K	1d6fb	2207
K	1d6fc	3b1
K	1d6fd	3b2
K	1d6fe	3b3
K	1d6ff	3b4
K	1d700	3b5
K	1d701	3b6
K	1d702	3b7
K	1d703	3b8
K	1d704	3b9
K	1d705	3ba
K	1d706	3bb
K	1d707	3bc
K	1d708	3bd
K	1d709	3be
K	1d70a	3bf
K	1d70b	3c0
K	1d70c	3c1
K	1d70d	3c2
K	1d70e	3c3
K	1d70f	3c4
K	1d710	3c5
K	1d711	3c6
K	1d712	3c7
K	1d713	3c8
K	1d714	3c9
K	1d715	2202
K	1d716	3b5
K	1d717	3b8
K	1d718	3ba
K	1d719	3c6
K	1d71a	3c1
K	1d71b	3c0
K	1d71c	391
K	1d71d	392
K	1d71e	393
K	1d71f	394
K	1d720	395
K	1d721	396
K	1d722	397
K	1d723	398
K	1d724	399
K	1d725	39a
K	1d726	39b
K	1d727	39c
K	1d728	39d
K	1d729	39e
K	1d72a	39f
K	1d72b	3a0
K	1d72c	3a1
K	1d72d	398
K	1d72e	3a3
K	1d72f	3a4
K	1d730	3a5
K	1d731	3a6
K	1d732	3a7
K	1d733	3a8
K	1d734	3a9
K	1d735	2207
K	1d736	3b1
K	1d737	3b2
K	1d738	3b3
K	1d739	3b4
K	1d73a	3b5
K	1d73b	3b6
K	1d73c	3b7
K	1d73d	3b8
K	1d73e	3b9
K	1d73f	3ba
K	1d740	3bb
K	1d741	3bc
K	1d742	3bd
K	1d743	3be
K	1d744	3bf
K	1d745	3c0
K	1d746	3c1
K	1d747	3c2
K	1d748	3c3
K	1d749	3c4
K	1d74a	3c5
K	1d74b	3c6
K	1d74c	3c7
K	1d74d	3c8
K	1d74e	3c9
K	1d74f	2202
K	1d750	3b5
K	1d751	3b8
K	1d752	3ba
K	1d753	3c6
K	1d754	3c1
K	1d755	3c0
K	1d756	391
K	1d757	392
K	1d758	393
K	1d759	394
K	1d75a	395
K	1d75b	396
K	1d75c	397
K	1d75d	398
K	1d75e	399
K	1d75f	39a
K	1d760	39b
K	1d761	39c
K	1d762	39d
K	1d763	39e
K	1d764	39f
K	1d765	3a0
K	1d766	3a1
K	1d767	398
K	1d768	3a3
K	1d769	3a4
K	1d76a	3a5
K	1d76b	3a6
K	1d76c	3a7
K	1d76d	3a8
K	1d76e	3a9
K	1d76f	2207
K	1d770	3b1
K	1d771	3b2
K	1d772	3b3
K	1d773	3b4
K	1d774	3b5
K	1d775	3b6
K	1d776	3b7
K	1d777	3b8
K	1d778	3b9
K	1d779	3ba
K	1d77a	3bb
K	1d77b	3bc
K	1d77c	3bd
K	1d77d	3be
K	1d77e	3bf
K	1d77f	3c0
K	1d780	3c1
K	1d781	3c2
K	1d782	3c3
K	1d783	3c4
K	1d784	3c5
K	1d785	3c6
K	1d786	3c7
K	1d787	3c8
K	1d788	3c9
K	1d789	2202
K	1d78a	3b5
K	1d78b	3b8
K	1d78c	3ba
K	1d78d	3c6
K	1d78e	3c1
K	1d78f	3c0
K	1d790	391
K	1d791	392
K	1d792	393
K	1d793	394
K	1d794	395
K	1d795	396
K	1d796	397
K	1d797	398
K	1d798	399
K	1d799	39a
K	1d79a	39b
K	1d79b	39c
K	1d79c	39d
K	1d79d	39e
K	1d79e	39f
K	1d79f	3a0
K	1d7a0	3a1
K	1d7a1	398
K	1d7a2	3a3
K	1d7a3	3a4
K	1d7a4	3a5
K	1d7a5	3a6
K	1d7a6	3a7
K	1d7a7	3a8
K	1d7a8	3a9
K	1d7a9	2207
K	1d7aa	3b1
K	1d7ab	3b2
K	1d7ac	3b3
K	1d7ad	3b4
K	1d7ae	3b5
K	1d7af	3b6
K	1d7b0	3b7
K	1d7b1	3b8
K	1d7b2	3b9
K	1d7b3	3ba
K	1d7b4	3bb
K	1d7b5	3bc
K	1d7b6	3bd
K	1d7b7	3be
K	1d7b8	3bf
K	1d7b9	3c0
K	1d7ba	3c1
K	1d7bb	3c2
K	1d7bc	3c3
K	1d7bd	3c4
K	1d7be	3c5
K	1d7bf	3c6
K	1d7c0	3c7
K	1d7c1	3c8
K	1d7c2	3c9
K	1d7c3	2202
K	1d7c4	3b5
K	1d7c5	3b8
K	1d7c6	3ba
K	1d7c7	3c6
K	1d7c8	3c1
K	1d7c9	3c0
K	1d7ca	3dc
K	1d7cb	3dd
K	1d7ce	30
K	1d7cf	31
K	1d7d0	32
K	1d7d1	33
K	1d7d2	34
K	1d7d3	35
K	1d7d4	36
K	1d7d5	37
K	1d7d6	38
K	1d7d7	39
K	1d7d8	30
K	1d7d9	31
K	1d7da	32
K	1d7db	33
K	1d7dc	34
K	1d7dd	35
K	1d7de	36
K	1d7df	37
K	1d7e0	38
K	1d7e1	39
K	1d7e2	30
K	1d7e3	31
K	1d7e4	32
K	1d7e5	33
K	1d7e6	34
K	1d7e7	35
K	1d7e8	36
K	1d7e9	37
K	1d7ea	38
K	1d7eb	39
K	1d7ec	30
K	1d7ed	31
K	1d7ee	32
K	1d7ef	33
K	1d7f0	34
K	1d7f1	35
K	1d7f2	36
K	1d7f3	37
K	1d7f4	38
K	1d7f5	39
K	1d7f6	30
K	1d7f7	31
K	1d7f8	32
K	1d7f9	33
K	1d7fa	34
K	1d7fb	35
K	1d7fc	36
K	1d7fd	37
K	1d7fe	38
K	1d7ff	39
C	1e000	230
C	1e001	230
C	1e002	230
C	1e003	230
C	1e004	230
C	1e005	230
C	1e006	230
C	1e008	230
C	1e009	230
C	1e00a	230
C	1e00b	230
C	1e00c	230
C	1e00d	230
C	1e00e	230
C	1e00f	230
C	1e010	230
C	1e011	230
C	1e012	230
C	1e013	230
C	1e014	230
C	1e015	230
C	1e016	230
C	1e017	230
C	1e018	230
C	1e01b	230
C	1e01c	230
C	1e01d	230
C	1e01e	230
C	1e01f	230
C	1e020	230
C	1e021	230
C	1e023	230
C	1e024	230
C	1e026	230
C	1e027	230
C	1e028	230
C	1e029	230
C	1e02a	230
K	1e030	430
K	1e031	431
K	1e032	432
K	1e033	433
K	1e034	434
K	1e035	435
K	1e036	436
K	1e037	437
K	1e038	438
K	1e039	43a
K	1e03a	43b
K	1e03b	43c
K	1e03c	43e
K	1e03d	43f
K	1e03e	440
K	1e03f	441
K	1e040	442
K	1e041	443
K	1e042	444
K	1e043	445
K	1e044	446
K	1e045	447
K	1e046	448
K	1e047	44b
K	1e048	44d
K	1e049	44e
K	1e04a	a689
K	1e04b	4d9
K	1e04c	456
K	1e04d	458
K	1e04e	4e9
K	1e04f	4af
K	1e050	4cf
K	1e051	430
K	1e052	431
K	1e053	432
K	1e054	433
K	1e055	434
K	1e056	435
K	1e057	436
K	1e058	437
K	1e059	438
K	1e05a	43a
K	1e05b	43b
K	1e05c	43e
K	1e05d	43f
K	1e05e	441
K	1e05f	443
K	1e060	444
K	1e061	445
K	1e062	446
K	1e063	447
K	1e064	448
K	1e065	44a
K	1e066	44b
K	1e067	491
K	1e068	456
K	1e069	455
K	1e06a	45f
K	1e06b	4ab
K	1e06c	a651
K	1e06d	4b1
C	1e08f	230
C	1e130	230
C	1e131	230
C	1e132	230
C	1e133	230
C	1e134	230
C	1e135	230
C	1e136	230
C	1e2ae	230
C	1e2ec	230
C	1e2ed	230
C	1e2ee	230
C	1e2ef	230
C	1e4ec	232
C	1e4ed	232
C	1e4ee	220
C	1e4ef	230
C	1e5ee	230
C	1e5ef	220
C	1e8d0	220
C	1e8d1	220
C	1e8d2	220
C	1e8d3	220
C	1e8d4	220
C	1e8d5	220
C	1e8d6	220
C	1e944	230
C	1e945	230
C	1e946	230
C	1e947	230
C	1e948	230
C	1e949	230
C	1e94a	7
K	1ee00	627
K	1ee01	628
K	1ee02	62c
K	1ee03	62f
K	1ee05	648
K	1ee06	632
K	1ee07	62d
K	1ee08	637
K	1ee09	64a
K	1ee0a	643
K	1ee0b	644
K	1ee0c	645
K	1ee0d	646
K	1ee0e	633
K	1ee0f	639
K	1ee10	641
K	1ee11	635
K	1ee12	642
K	1ee13	631
K	1ee14	634
K	1ee15	62a
K	1ee16	62b
K	1ee17	62e
K	1ee18	630
K	1ee19	636
K	1ee1a	638
K	1ee1b	63a
K	1ee1c	66e
K	1ee1d	6ba
K	1ee1e	6a1
K	1ee1f	66f
K	1ee21	628
K	1ee22	62c
K	1ee24	647
K	1ee27	62d
K	1ee29	64a
K	1ee2a	643
K	1ee2b	644
K	1ee2c	645
K	1ee2d	646
K	1ee2e	633
K	1ee2f	639
K	1ee30	641
K	1ee31	635
K	1ee32	642
K	1ee34	634
K	1ee35	62a
K	1ee36	62b
K	1ee37	62e
K	1ee39	636
K	1ee3b	63a
K	1ee42	62c
K	1ee47	62d
K	1ee49	64a
K	1ee4b	644
K	1ee4d	646
K	1ee4e	633
K	1ee4f	639
K	1ee51	635
K	1ee52	642
K	1ee54	634
K	1ee57	62e
K	1ee59	636
K	1ee5b	63a
K	1ee5d	6ba
K	1ee5f	66f
K	1ee61	628
K	1ee62	62c
K	1ee64	647
K	1ee67	62d
K	1ee68	637
K	1ee69	64a
K	1ee6a	643
K	1ee6c	645
K	1ee6d	646
K	1ee6e	633
K	1ee6f	639
K	1ee70	641
K	1ee71	635
K	1ee72	642
K	1ee74	634
K	1ee75	62a
K	1ee76	62b
K	1ee77	62e
K	1ee79	636
K	1ee7a	638
K	1ee7b	63a
K	1ee7c	66e
K	1ee7e	6a1
K	1ee80	627
K	1ee81	628
K	1ee82	62c
K	1ee83	62f
K	1ee84	647
K	1ee85	648
K	1ee86	632
K	1ee87	62d
K	1ee88	637
K	1ee89	64a
K	1ee8b	644
K	1ee8c	645
K	1ee8d	646
K	1ee8e	633
K	1ee8f	639
K	1ee90	641
K	1ee91	635
K	1ee92	642
K	1ee93	631
K	1ee94	634
K	1ee95	62a
K	1ee96	62b
K	1ee97	62e
K	1ee98	630
K	1ee99	636
K	1ee9a	638
K	1ee9b	63a
K	1eea1	628
K	1eea2	62c
K	1eea3	62f
K	1eea5	648
K	1eea6	632
K	1eea7	62d
K	1eea8	637
K	1eea9	64a
K	1eeab	644
K	1eeac	645
K	1eead	646
K	1eeae	633
K	1eeaf	639
K	1eeb0	641
K	1eeb1	635
K	1eeb2	642
K	1eeb3	631
K	1eeb4	634
K	1eeb5	62a
K	1eeb6	62b
K	1eeb7	62e
K	1eeb8	630
K	1eeb9	636
K	1eeba	638
K	1eebb	63a
K	1f100	30 2e
K	1f101	30 2c
K	1f102	31 2c
K	1f103	32 2c
K	1f104	33 2c
K	1f105	34 2c
K	1f106	35 2c
K	1f107	36 2c
K	1f108	37 2c
K	1f109	38 2c
K	1f10a	39 2c
K	1f110	28 41 29
K	1f111	28 42 29
K	1f112	28 43 29
K	1f113	28 44 29
K	1f114	28 45 29
K	1f115	28 46 29
K	1f116	28 47 29
K	1f117	28 48 29
K	1f118	28 49 29
K	1f119	28 4a 29
K	1f11a	28 4b 29
K	1f11b	28 4c 29
K	1f11c	28 4d 29
K	1f11d	28 4e 29
K	1f11e	28 4f 29
K	1f11f	28 50 29
K	1f120	28 51 29
K	1f121	28 52 29
K	1f122	28 53 29
K	1f123	28 54 29
K	1f124	28 55 29
K	1f125	28 56 29
K	1f126	28 57 29
K	1f127	28 58 29
K	1f128	28 59 29
K	1f129	28 5a 29
K	1f12a	3014 53 3015
K	1f12b	43
K	1f12c	52
K	1f12d	43 44
K	1f12e	57 5a
K	1f130	41
K	1f131	42
K	1f132	43
K	1f133	44
K	1f134	45
K	1f135	46
K	1f136	47
K	1f137	48
K	1f138	49
K	1f139	4a
K	1f13a	4b
K	1f13b	4c
K	1f13c	4d
K	1f13d	4e
K	1f13e	4f
K	1f13f	50
K	1f140	51
K	1f141	52
K	1f142	53
K	1f143	54
K	1f144	55
K	1f145	56
K	1f146	57
K	1f147	58
K	1f148	59
K	1f149	5a
K	1f14a	48 56
K	1f14b	4d 56
K	1f14c	53 44
K	1f14d	53 53
K	1f14e	50 50 56
K	1f14f	57 43
K	1f16a	4d 43
K	1f16b	4d 44
K	1f16c	4d 52
K	1f190	44 4a
K	1f200	307b 304b
K	1f201	30b3 30b3
K	1f202	30b5
K	1f210	624b
K	1f211	5b57
K	1f212	53cc
K	1f213	30c6 3099
K	1f214	4e8c
K	1f215	591a
K	1f216	89e3
K	1f217	5929
K	1f218	4ea4
K	1f219	6620
K	1f21a	7121
K	1f21b	6599
K	1f21c	524d
K	1f21d	5f8c
K	1f21e	518d
K	1f21f	65b0
K	1f220	521d
K	1f221	7d42
K	1f222	751f
K	1f223	8ca9
K	1f224	58f0
K	1f225	5439
K	1f226	6f14
K	1f227	6295
K	1f228	6355
K	1f229	4e00
K	1f22a	4e09
K	1f22b	904a
K	1f22c	5de6
K	1f22d	4e2d
K	1f22e	53f3
K	1f22f	6307
K	1f230	8d70
K	1f231	6253
K	1f232	7981
K	1f233	7a7a
K	1f234	5408
K	1f235	6e80
K	1f236	6709
K	1f237	6708
K	1f238	7533
K	1f239	5272
K	1f23a	55b6
K	1f23b	914d
K	1f240	3014 672c 3015
K	1f241	3014 4e09 3015
K	1f242	3014 4e8c 3015
K	1f243	3014 5b89 3015
K	1f244	3014 70b9 3015
K	1f245	3014 6253 3015
K	1f246	3014 76d7 3015
K	1f247	3014 52dd 3015
K	1f248	3014 6557 3015
K	1f250	5f97
K	1f251	53ef
K	1fbf0	30
K	1fbf1	31
K	1fbf2	32
K	1fbf3	33
K	1fbf4	34
K	1fbf5	35
K	1fbf6	36
K	1fbf7	37
K	1fbf8	38
K	1fbf9	39
D	2f800	4e3d
D	2f801	4e38
D	2f802	4e41
D	2f803	20122
D	2f804	4f60
D	2f805	4fae
D	2f806	4fbb
D	2f807	5002
D	2f808	507a
D	2f809	5099
D	2f80a	50e7
D	2f80b	50cf
D	2f80c	349e
D	2f80d	2063a
D	2f80e	514d
D	2f80f	5154
D	2f810	5164
D	2f811	5177
D	2f812	2051c
D	2f813	34b9
D	2f814	5167
D	2f815	518d
D	2f816	2054b
D	2f817	5197
D	2f818	51a4
D	2f819	4ecc
D	2f81a	51ac
D	2f81b	51b5
D	2f81c	291df
D	2f81d	51f5
D	2f81e	5203
D	2f81f	34df
D	2f820	523b
D	2f821	5246
D	2f822	5272
D	2f823	5277
D	2f824	3515
D	2f825	52c7
D	2f826	52c9
D	2f827	52e4
D	2f828	52fa
D	2f829	5305
D	2f82a	5306
D	2f82b	5317
D	2f82c	5349
D	2f82d	5351
D	2f82e	535a
D	2f82f	5373
D	2f830	537d
D	2f831	537f
D	2f832	537f
D	2f833	537f
D	2f834	20a2c
D	2f835	7070
D	2f836	53ca
D	2f837	53df
D	2f838	20b63
D	2f839	53eb
D	2f83a	53f1
D	2f83b	5406
D	2f83c	549e
D	2f83d	5438
D	2f83e	5448
D	2f83f	5468
D	2f840	54a2
D	2f841	54f6
D	2f842	5510
D	2f843	5553
D	2f844	5563
D	2f845	5584
D	2f846	5584
D	2f847	5599
D	2f848	55ab
D	2f849	55b3
D	2f84a	55c2
D	2f84b	5716
D	2f84c	5606
D	2f84d	5717
D	2f84e	5651
D	2f84f	5674
D	2f850	5207
D	2f851	58ee
D	2f852	57ce
D	2f853	57f4
D	2f854	580d
D	2f855	578b
D	2f856	5832
D	2f857	5831
D	2f858	58ac
D	2f859	214e4
D	2f85a	58f2
D	2f85b	58f7
D	2f85c	5906
D	2f85d	591a
D	2f85e	5922
D	2f85f	5962
D	2f860	216a8
D	2f861	216ea
D	2f862	59ec
D	2f863	5a1b
D	2f864	5a27
D	2f865	59d8
D	2f866	5a66
D	2f867	36ee
D	2f868	36fc
D	2f869	5b08
D	2f86a	5b3e
D	2f86b	5b3e
D	2f86c	219c8
D	2f86d	5bc3
D	2f86e	5bd8
D	2f86f	5be7
D	2f870	5bf3
D	2f871	21b18
D	2f872	5bff
D	2f873	5c06
D	2f874	5f53
D	2f875	5c22
D	2f876	3781
D	2f877	5c60
D	2f878	5c6e
D	2f879	5cc0
D	2f87a	5c8d
D	2f87b	21de4
D	2f87c	5d43
D	2f87d	21de6
D	2f87e	5d6e
D	2f87f	5d6b
D	2f880	5d7c
D	2f881	5de1
D	2f882	5de2
D	2f883	382f
D	2f884	5dfd
D	2f885	5e28
D	2f886	5e3d
D	2f887	5e69
D	2f888	3862
D	2f889	22183
D	2f88a	387c
D	2f88b	5eb0
D	2f88c	5eb3
D	2f88d	5eb6
D	2f88e	5eca
D	2f88f	2a392
D	2f890	5efe
D	2f891	22331
D	2f892	22331
D	2f893	8201
D	2f894	5f22
D	2f895	5f22
D	2f896	38c7
D	2f897	232b8
D	2f898	261da
D	2f899	5f62
D	2f89a	5f6b
D	2f89b	38e3
D	2f89c	5f9a
D	2f89d	5fcd
D	2f89e	5fd7
D	2f89f	5ff9
D	2f8a0	6081
D	2f8a1	393a
D	2f8a2	391c
D	2f8a3	6094
D	2f8a4	226d4
D	2f8a5	60c7
D	2f8a6	6148
D	2f8a7	614c
D	2f8a8	614e
D	2f8a9	614c
D	2f8aa	617a
D	2f8ab	618e
D	2f8ac	61b2
D	2f8ad	61a4
D	2f8ae	61af
D	2f8af	61de
D	2f8b0	61f2
D	2f8b1	61f6
D	2f8b2	6210
D	2f8b3	621b
D	2f8b4	625d
D	2f8b5	62b1
D	2f8b6	62d4
D	2f8b7	6350
D	2f8b8	22b0c
D	2f8b9	633d
D	2f8ba	62fc
D	2f8bb	6368
D	2f8bc	6383
D	2f8bd	63e4
D	2f8be	22bf1
D	2f8bf	6422
D	2f8c0	63c5
D	2f8c1	63a9
D	2f8c2	3a2e
D	2f8c3	6469
D	2f8c4	647e
D	2f8c5	649d
D	2f8c6	6477
D	2f8c7	3a6c
D	2f8c8	654f
D	2f8c9	656c
D	2f8ca	2300a
D	2f8cb	65e3
D	2f8cc	66f8
D	2f8cd	6649
D	2f8ce	3b19
D	2f8cf	6691
D	2f8d0	3b08
D	2f8d1	3ae4
D	2f8d2	5192
D	2f8d3	5195
D	2f8d4	6700
D	2f8d5	669c
D	2f8d6	80ad
D	2f8d7	43d9
D	2f8d8	6717
D	2f8d9	671b
D	2f8da	6721
D	2f8db	675e
D	2f8dc	6753
D	2f8dd	233c3
D	2f8de	3b49
D	2f8df	67fa
D	2f8e0	6785
D	2f8e1	6852
D	2f8e2	6885
D	2f8e3	2346d
D	2f8e4	688e
D	2f8e5	681f
D	2f8e6	6914
D	2f8e7	3b9d
D	2f8e8	6942
D	2f8e9	69a3
D	2f8ea	69ea
D	2f8eb	6aa8
D	2f8ec	236a3
D	2f8ed	6adb
D	2f8ee	3c18
D	2f8ef	6b21
D	2f8f0	238a7
D	2f8f1	6b54
D	2f8f2	3c4e
D	2f8f3	6b72
D	2f8f4	6b9f
D	2f8f5	6bba
D	2f8f6	6bbb
D	2f8f7	23a8d
D	2f8f8	21d0b
D	2f8f9	23afa
D	2f8fa	6c4e
D	2f8fb	23cbc
D	2f8fc	6cbf
D	2f8fd	6ccd
D	2f8fe	6c67
D	2f8ff	6d16
D	2f900	6d3e
D	2f901	6d77
D	2f902	6d41
D	2f903	6d69
D	2f904	6d78
D	2f905	6d85
D	2f906	23d1e
D	2f907	6d34
D	2f908	6e2f
D	2f909	6e6e
D	2f90a	3d33
D	2f90b	6ecb
D	2f90c	6ec7
D	2f90d	23ed1
D	2f90e	6df9
D	2f90f	6f6e
D	2f910	23f5e
D	2f911	23f8e
D	2f912	6fc6
D	2f913	7039
D	2f914	701e
D	2f915	701b
D	2f916	3d96
D	2f917	704a
D	2f918	707d
D	2f919	7077
D	2f91a	70ad
D	2f91b	20525
D	2f91c	7145
D	2f91d	24263
D	2f91e	719c
D	2f91f	243ab
D	2f920	7228
D	2f921	7235
D	2f922	7250
D	2f923	24608
D	2f924	7280
D	2f925	7295
D	2f926	24735
D	2f927	24814
D	2f928	737a
D	2f929	738b
D	2f92a	3eac
D	2f92b	73a5
D	2f92c	3eb8
D	2f92d	3eb8
D	2f92e	7447
D	2f92f	745c
D	2f930	7471
D	2f931	7485
D	2f932	74ca
D	2f933	3f1b
D	2f934	7524
D	2f935	24c36
D	2f936	753e
D	2f937	24c92
D	2f938	7570
D	2f939	2219f
D	2f93a	7610
D	2f93b	24fa1
D	2f93c	24fb8
D	2f93d	25044
D	2f93e	3ffc
D	2f93f	4008
D	2f940	76f4
D	2f941	250f3
D	2f942	250f2
D	2f943	25119
D	2f944	25133
D	2f945	771e
D	2f946	771f
D	2f947	771f
D	2f948	774a
D	2f949	4039
D	2f94a	778b
D	2f94b	4046
D	2f94c	4096
D	2f94d	2541d
D	2f94e	784e
D	2f94f	788c
D	2f950	78cc
D	2f951	40e3
D	2f952	25626
D	2f953	7956
D	2f954	2569a
D	2f955	256c5
D	2f956	798f
D	2f957	79eb
D	2f958	412f
D	2f959	7a40
D	2f95a	7a4a
D	2f95b	7a4f
D	2f95c	2597c
D	2f95d	25aa7
D	2f95e	25aa7
D	2f95f	7aee
D	2f960	4202
D	2f961	25bab
D	2f962	7bc6
D	2f963	7bc9
D	2f964	4227
D	2f965	25c80
D	2f966	7cd2
D	2f967	42a0
D	2f968	7ce8
D	2f969	7ce3
D	2f96a	7d00
D	2f96b	25f86
D	2f96c	7d63
D	2f96d	4301
D	2f96e	7dc7
D	2f96f	7e02
D	2f970	7e45
D	2f971	4334
D	2f972	26228
D	2f973	26247
D	2f974	4359
D	2f975	262d9
D	2f976	7f7a
D	2f977	2633e
D	2f978	7f95
D	2f979	7ffa
D	2f97a	8005
D	2f97b	264da
D	2f97c	26523
D	2f97d	8060
D	2f97e	265a8
D	2f97f	8070
D	2f980	2335f
D	2f981	43d5
D	2f982	80b2
D	2f983	8103
D	2f984	440b
D	2f985	813e
D	2f986	5ab5
D	2f987	267a7
D	2f988	267b5
D	2f989	23393
D	2f98a	2339c
D	2f98b	8201
D	2f98c	8204
D	2f98d	8f9e
D	2f98e	446b
D	2f98f	8291
D	2f990	828b
D	2f991	829d
D	2f992	52b3
D	2f993	82b1
D	2f994	82b3
D	2f995	82bd
D	2f996	82e6
D	2f997	26b3c
D	2f998	82e5
D	2f999	831d
D	2f99a	8363
D	2f99b	83ad
D	2f99c	8323
D	2f99d	83bd
D	2f99e	83e7
D	2f99f	8457
D	2f9a0	8353
D	2f9a1	83ca
D	2f9a2	83cc
D	2f9a3	83dc
D	2f9a4	26c36
D	2f9a5	26d6b
D	2f9a6	26cd5
D	2f9a7	452b
D	2f9a8	84f1
D	2f9a9	84f3
D	2f9aa	8516
D	2f9ab	273ca
D	2f9ac	8564
D	2f9ad	26f2c
D	2f9ae	455d
D	2f9af	4561
D	2f9b0	26fb1
D	2f9b1	270d2
D	2f9b2	456b
D	2f9b3	8650
D	2f9b4	865c
D	2f9b5	8667
D	2f9b6	8669
D	2f9b7	86a9
D	2f9b8	8688
D	2f9b9	870e
D	2f9ba	86e2
D	2f9bb	8779
D	2f9bc	8728
D	2f9bd	876b
D	2f9be	8786
D	2f9bf	45d7
D	2f9c0	87e1
D	2f9c1	8801
D	2f9c2	45f9
D	2f9c3	8860
D	2f9c4	8863
D	2f9c5	27667
D	2f9c6	88d7
D	2f9c7	88de
D	2f9c8	4635
D	2f9c9	88fa
D	2f9ca	34bb
D	2f9cb	278ae
D	2f9cc	27966
D	2f9cd	46be
D	2f9ce	46c7
D	2f9cf	8aa0
D	2f9d0	8aed
D	2f9d1	8b8a
D	2f9d2	8c55
D	2f9d3	27ca8
D	2f9d4	8cab
D	2f9d5	8cc1
D	2f9d6	8d1b
D	2f9d7	8d77
D	2f9d8	27f2f
D	2f9d9	20804
D	2f9da	8dcb
D	2f9db	8dbc
D	2f9dc	8df0
D	2f9dd	208de
D	2f9de	8ed4
D	2f9df	8f38
D	2f9e0	285d2
D	2f9e1	285ed
D	2f9e2	9094
D	2f9e3	90f1
D	2f9e4	9111
D	2f9e5	2872e
D	2f9e6	911b
D	2f9e7	9238
D	2f9e8	92d7
D	2f9e9	92d8
D	2f9ea	927c
D	2f9eb	93f9
D	2f9ec	9415
D	2f9ed	28bfa
D	2f9ee	958b
D	2f9ef	4995
D	2f9f0	95b7
D	2f9f1	28d77
D	2f9f2	49e6
D	2f9f3	96c3
D	2f9f4	5db2
D	2f9f5	9723
D	2f9f6	29145
D	2f9f7	2921a
D	2f9f8	4a6e
D	2f9f9	4a76
D	2f9fa	97e0
D	2f9fb	2940a
D	2f9fc	4ab2
D	2f9fd	29496
D	2f9fe	980b
D	2f9ff	980b
D	2fa00	9829
D	2fa01	295b6
D	2fa02	98e2
D	2fa03	4b33
D	2fa04	9929
D	2fa05	99a7
D	2fa06	99c2
D	2fa07	99fe
D	2fa08	4bce
D	2fa09	29b30
D	2fa0a	9b12
D	2fa0b	9c40
D	2fa0c	9cfd
D	2fa0d	4cce
D	2fa0e	4ced
D	2fa0f	9d67
D	2fa10	2a0ce
D	2fa11	4cf8
D	2fa12	2a105
D	2fa13	2a20e
D	2fa14	2a291
D	2fa15	9ebb
D	2fa16	4d56
D	2fa17	9ef9
D	2fa18	9efe
D	2fa19	9f05
D	2fa1a	9f0f
D	2fa1b	9f16
D	2fa1c	9f3b
D	2fa1d	2a600
